{"type":"FeatureCollection","features":[{"type":"Feature","id":"PUSAT_PEMERINTAHAN_PT.1","geometry":{"type":"MultiPoint","coordinates":[[117.0854,-1.0138]]},"geometry_name":"geom","properties":{"id":13,"x":"117° 5' 7.422\"","y":"-1° 0' 49.703\"","ibukota":"Kecamatan","label":"SAMBOJA","p_keg":"Pusat Kegiatan Lokal","fid_kode":232,"kode_prov":"64","kode_kab":"64.02","kode_kec":"64.02.13","kdepum":null,"status":"DESA","namobj":"KAMPUNG LAMA","kecamatan":"SAMBOJA","sebutan_la":null,"keldesa_id":null},"bbox":[117.0854,-1.0138,117.0854,-1.0138]},{"type":"Feature","id":"PUSAT_PEMERINTAHAN_PT.2","geometry":{"type":"MultiPoint","coordinates":[[117.2438,-0.8176]]},"geometry_name":"geom","properties":{"id":28,"x":"117° 14' 37.760\"","y":"-0° 49' 3.435\"","ibukota":"Kecamatan","label":"MUARA JAWA","p_keg":"Pusat Kegiatan Lokal","fid_kode":56,"kode_prov":"64","kode_kab":"64.02","kode_kec":"64.02.14","kdepum":null,"status":"KELURAHAN","namobj":"MUARA JAWA ULU","kecamatan":"MUARA JAWA","sebutan_la":null,"keldesa_id":null},"bbox":[117.2438,-0.8176,117.2438,-0.8176]},{"type":"Feature","id":"PUSAT_PEMERINTAHAN_PT.3","geometry":{"type":"MultiPoint","coordinates":[[117.2279,-0.6687]]},"geometry_name":"geom","properties":{"id":37,"x":"117° 13' 40.360\"","y":"-0° 40' 7.145\"","ibukota":"Kecamatan","label":"SANGASANGA","p_keg":"Pusat Pelayanan Kawasan","fid_kode":79,"kode_prov":"64","kode_kab":"64.02","kode_kec":"64.02.15","kdepum":null,"status":"KELURAHAN","namobj":"JAWA","kecamatan":"SANGA SANGA","sebutan_la":null,"keldesa_id":null},"bbox":[117.2279,-0.6687,117.2279,-0.6687]},{"type":"Feature","id":"PUSAT_PEMERINTAHAN_PT.4","geometry":{"type":"MultiPoint","coordinates":[[117.0854,-0.5848]]},"geometry_name":"geom","properties":{"id":50,"x":"117° 5' 7.369\"","y":"-0° 35' 5.317\"","ibukota":"Kecamatan","label":"LOA JANAN","p_keg":"Pusat Pelayanan Kawasan","fid_kode":124,"kode_prov":"64","kode_kab":"64.02","kode_kec":"64.02.03","kdepum":null,"status":"DESA","namobj":"LOA JANAN ULU","kecamatan":"LOA JANAN","sebutan_la":null,"keldesa_id":null},"bbox":[117.0854,-0.5848,117.0854,-0.5848]},{"type":"Feature","id":"PUSAT_PEMERINTAHAN_PT.5","geometry":{"type":"MultiPoint","coordinates":[[117.2868,-0.5688]]},"geometry_name":"geom","properties":{"id":56,"x":"117° 17' 12.411\"","y":"-0° 34' 7.526\"","ibukota":"Kecamatan","label":"ANGGANA","p_keg":"Pusat Pelayanan Kawasan","fid_kode":195,"kode_prov":"64","kode_kab":"64.02","kode_kec":"64.02.04","kdepum":null,"status":"DESA","namobj":"ANGGANA","kecamatan":"ANGGANA","sebutan_la":null,"keldesa_id":null},"bbox":[117.2868,-0.5688,117.2868,-0.5688]},{"type":"Feature","id":"PUSAT_PEMERINTAHAN_PT.6","geometry":{"type":"MultiPoint","coordinates":[[117.0212,-0.5113]]},"geometry_name":"geom","properties":{"id":64,"x":"117° 1' 16.467\"","y":"-0° 30' 40.783\"","ibukota":"Kecamatan","label":"LOA KULU","p_keg":"Pusat Pelayanan Kawasan","fid_kode":135,"kode_prov":"64","kode_kab":"64.02","kode_kec":"64.02.02","kdepum":null,"status":"DESA","namobj":"PONORAGAN","kecamatan":"LOA KULU","sebutan_la":null,"keldesa_id":null},"bbox":[117.0212,-0.5113,117.0212,-0.5113]},{"type":"Feature","id":"PUSAT_PEMERINTAHAN_PT.7","geometry":{"type":"MultiPoint","coordinates":[[116.9914,-0.4138]]},"geometry_name":"geom","properties":{"id":87,"x":"116° 59' 28.912\"","y":"-0° 24' 49.783\"","ibukota":"Kabupaten","label":"TENGGARONG","p_keg":"Pusat Kegiatan Nasional","fid_kode":160,"kode_prov":"64","kode_kab":"64.02","kode_kec":"64.02.06","kdepum":null,"status":"KELURAHAN","namobj":"PANJI","kecamatan":"TENGGARONG","sebutan_la":null,"keldesa_id":null},"bbox":[116.9914,-0.4138,116.9914,-0.4138]},{"type":"Feature","id":"PUSAT_PEMERINTAHAN_PT.8","geometry":{"type":"MultiPoint","coordinates":[[117.0677,-0.4073]]},"geometry_name":"geom","properties":{"id":93,"x":"117° 4' 3.552\"","y":"-0° 24' 26.451\"","ibukota":"Kecamatan","label":"TENGGARONG SEBERANG","p_keg":"Pusat Kegiatan Lokal","fid_kode":45,"kode_prov":"64","kode_kab":"64.02","kode_kec":"64.02.16","kdepum":null,"status":"DESA","namobj":"BUKIT RAYA","kecamatan":"TENGGARONG SEBERANG","sebutan_la":null,"keldesa_id":null},"bbox":[117.0677,-0.4073,117.0677,-0.4073]},{"type":"Feature","id":"PUSAT_PEMERINTAHAN_PT.9","geometry":{"type":"MultiPoint","coordinates":[[116.3956,-0.3604]]},"geometry_name":"geom","properties":{"id":112,"x":"116° 23' 44.178\"","y":"-0° 21' 37.517\"","ibukota":"Kecamatan","label":"MUARA MUNTAI","p_keg":"Pusat Pelayanan Kawasan","fid_kode":88,"kode_prov":"64","kode_kab":"64.02","kode_kec":"64.02.01","kdepum":null,"status":"DESA","namobj":"MUARA MUNTAI ILIR","kecamatan":"MUARA MUNTAI","sebutan_la":null,"keldesa_id":null},"bbox":[116.3956,-0.3604,116.3956,-0.3604]},{"type":"Feature","id":"PUSAT_PEMERINTAHAN_PT.10","geometry":{"type":"MultiPoint","coordinates":[[117.4018,-0.3248]]},"geometry_name":"geom","properties":{"id":132,"x":"117° 24' 6.333\"","y":"-0° 19' 29.362\"","ibukota":"Kecamatan","label":"MUARA BADAK","p_keg":"Pusat Kegiatan Lokal","fid_kode":100,"kode_prov":"64","kode_kab":"64.02","kode_kec":"64.02.05","kdepum":null,"status":"DESA","namobj":"BADAK BARU","kecamatan":"MUARA BADAK","sebutan_la":null,"keldesa_id":null},"bbox":[117.4018,-0.3248,117.4018,-0.3248]},{"type":"Feature","id":"PUSAT_PEMERINTAHAN_PT.11","geometry":{"type":"MultiPoint","coordinates":[[116.4795,-0.3142]]},"geometry_name":"geom","properties":{"id":140,"x":"116° 28' 46.266\"","y":"-0° 18' 50.988\"","ibukota":"Kecamatan","label":"MUARA WIS","p_keg":"Pusat Pelayanan Kawasan","fid_kode":151,"kode_prov":"64","kode_kab":"64.02","kode_kec":"64.02.18","kdepum":null,"status":"DESA","namobj":"MUARA WIS","kecamatan":"MUARA WIS","sebutan_la":null,"keldesa_id":null},"bbox":[116.4795,-0.3142,116.4795,-0.3142]},{"type":"Feature","id":"PUSAT_PEMERINTAHAN_PT.12","geometry":{"type":"MultiPoint","coordinates":[[116.9968,-0.2718]]},"geometry_name":"geom","properties":{"id":156,"x":"116° 59' 48.326\"","y":"-0° 16' 18.457\"","ibukota":"Kecamatan","label":"SEBULU","p_keg":"Pusat Pelayanan Kawasan","fid_kode":116,"kode_prov":"64","kode_kab":"64.02","kode_kec":"64.02.07","kdepum":null,"status":"DESA","namobj":"SEBULU ULU","kecamatan":"SEBULU","sebutan_la":null,"keldesa_id":null},"bbox":[116.9968,-0.2718,116.9968,-0.2718]},{"type":"Feature","id":"PUSAT_PEMERINTAHAN_PT.13","geometry":{"type":"MultiPoint","coordinates":[[116.5916,-0.2655]]},"geometry_name":"geom","properties":{"id":159,"x":"116° 35' 29.766\"","y":"-0° 15' 55.669\"","ibukota":"Kecamatan","label":"KOTA BANGUN","p_keg":"Pusat Kegiatan Lokal","fid_kode":180,"kode_prov":"64","kode_kab":"64.02","kode_kec":"64.02.08","kdepum":null,"status":"DESA","namobj":"KOTA BANGUN ULU","kecamatan":"KOTA BANGUN","sebutan_la":null,"keldesa_id":null},"bbox":[116.5916,-0.2655,116.5916,-0.2655]},{"type":"Feature","id":"PUSAT_PEMERINTAHAN_PT.14","geometry":{"type":"MultiPoint","coordinates":[[116.7177,-0.1564]]},"geometry_name":"geom","properties":{"id":184,"x":"116° 43' 3.891\"","y":"-0° 9' 23.170\"","ibukota":"Kecamatan","label":"MUARA KAMAN","p_keg":"Pusat Pelayanan Kawasan","fid_kode":144,"kode_prov":"64","kode_kab":"64.02","kode_kec":"64.02.11","kdepum":null,"status":"DESA","namobj":"MUARA KAMAN ULU","kecamatan":"MUARA KAMAN","sebutan_la":null,"keldesa_id":null},"bbox":[116.7177,-0.1564,116.7177,-0.1564]},{"type":"Feature","id":"PUSAT_PEMERINTAHAN_PT.15","geometry":{"type":"MultiPoint","coordinates":[[116.4494,-0.1223]]},"geometry_name":"geom","properties":{"id":194,"x":"116° 26' 57.683\"","y":"-0° 7' 20.389\"","ibukota":"Desa","label":"Teluk Muda","p_keg":null,"fid_kode":185,"kode_prov":"64","kode_kab":"64.02","kode_kec":"64.02.09","kdepum":"6402092007","status":"DESA","namobj":"TELUK MUDA","kecamatan":"KENOHAN","sebutan_la":null,"keldesa_id":"6402092007"},"bbox":[116.4494,-0.1223,116.4494,-0.1223]},{"type":"Feature","id":"PUSAT_PEMERINTAHAN_PT.16","geometry":{"type":"MultiPoint","coordinates":[[117.435,-0.1156]]},"geometry_name":"geom","properties":{"id":195,"x":"117° 26' 5.930\"","y":"-0° 6' 56.237\"","ibukota":"Kecamatan","label":"MARANGKAYU","p_keg":"Pusat Pelayanan Kawasan","fid_kode":218,"kode_prov":"64","kode_kab":"64.02","kode_kec":"64.02.17","kdepum":null,"status":"DESA","namobj":"SEBUNTAL","kecamatan":"MARANGKAYU","sebutan_la":null,"keldesa_id":null},"bbox":[117.435,-0.1156,117.435,-0.1156]},{"type":"Feature","id":"PUSAT_PEMERINTAHAN_PT.17","geometry":{"type":"MultiPoint","coordinates":[[116.2236,-0.1142]]},"geometry_name":"geom","properties":{"id":196,"x":"116° 13' 24.899\"","y":"-0° 6' 51.149\"","ibukota":"Desa","label":"Enggelam","p_keg":null,"fid_kode":35,"kode_prov":"64","kode_kab":"64.02","kode_kec":"64.02.18","kdepum":"6402182004","status":"DESA","namobj":"ENGGELAM","kecamatan":"MUARA WIS","sebutan_la":null,"keldesa_id":"6402182004"},"bbox":[116.2236,-0.1142,116.2236,-0.1142]},{"type":"Feature","id":"PUSAT_PEMERINTAHAN_PT.18","geometry":{"type":"MultiPoint","coordinates":[[117.3342,-0.1128]]},"geometry_name":"geom","properties":{"id":197,"x":"117° 20' 3.112\"","y":"-0° 6' 46.251\"","ibukota":"Desa","label":"Makarti","p_keg":null,"fid_kode":220,"kode_prov":"64","kode_kab":"64.02","kode_kec":"64.02.17","kdepum":"6402172007","status":"DESA","namobj":"MAKARTI","kecamatan":"MARANGKAYU","sebutan_la":null,"keldesa_id":"6402172007"},"bbox":[117.3342,-0.1128,117.3342,-0.1128]},{"type":"Feature","id":"PUSAT_PEMERINTAHAN_PT.19","geometry":{"type":"MultiPoint","coordinates":[[117.4336,-0.1089]]},"geometry_name":"geom","properties":{"id":198,"x":"117° 26' 1.009\"","y":"-0° 6' 31.970\"","ibukota":"Desa","label":"Sebuntal","p_keg":"Pusat Pelayanan Lingkungan","fid_kode":218,"kode_prov":"64","kode_kab":"64.02","kode_kec":"64.02.17","kdepum":"6402172001","status":"DESA","namobj":"SEBUNTAL","kecamatan":"MARANGKAYU","sebutan_la":null,"keldesa_id":"6402172001"},"bbox":[117.4336,-0.1089,117.4336,-0.1089]},{"type":"Feature","id":"PUSAT_PEMERINTAHAN_PT.20","geometry":{"type":"MultiPoint","coordinates":[[117.4405,-0.0818]]},"geometry_name":"geom","properties":{"id":199,"x":"117° 26' 25.953\"","y":"-0° 4' 54.324\"","ibukota":"Desa","label":"Semangkok","p_keg":null,"fid_kode":215,"kode_prov":"64","kode_kab":"64.02","kode_kec":"64.02.17","kdepum":"6402172010","status":"DESA","namobj":"SEMANGKO","kecamatan":"MARANGKAYU","sebutan_la":null,"keldesa_id":"6402172010"},"bbox":[117.4405,-0.0818,117.4405,-0.0818]},{"type":"Feature","id":"PUSAT_PEMERINTAHAN_PT.21","geometry":{"type":"MultiPoint","coordinates":[[116.7789,-0.0689]]},"geometry_name":"geom","properties":{"id":200,"x":"116° 46' 43.950\"","y":"-0° 4' 8.194\"","ibukota":"Desa","label":"Sabintulung","p_keg":null,"fid_kode":147,"kode_prov":"64","kode_kab":"64.02","kode_kec":"64.02.11","kdepum":"6402112006","status":"DESA","namobj":"SABINTULUNG","kecamatan":"MUARA KAMAN","sebutan_la":null,"keldesa_id":"6402112006"},"bbox":[116.7789,-0.0689,116.7789,-0.0689]},{"type":"Feature","id":"PUSAT_PEMERINTAHAN_PT.22","geometry":{"type":"MultiPoint","coordinates":[[117.4647,-0.0547]]},"geometry_name":"geom","properties":{"id":201,"x":"117° 27' 52.975\"","y":"-0° 3' 16.902\"","ibukota":"Desa","label":"Santan Ulu","p_keg":"Pusat Pelayanan Lingkungan","fid_kode":191,"kode_prov":"64","kode_kab":"64.02","kode_kec":"64.02.17","kdepum":"6402172002","status":"DESA","namobj":"SANTAN ULU","kecamatan":"MARANGKAYU","sebutan_la":null,"keldesa_id":"6402172002"},"bbox":[117.4647,-0.0547,117.4647,-0.0547]},{"type":"Feature","id":"PUSAT_PEMERINTAHAN_PT.23","geometry":{"type":"MultiPoint","coordinates":[[117.4884,-0.0526]]},"geometry_name":"geom","properties":{"id":202,"x":"117° 29' 18.380\"","y":"-0° 3' 9.508\"","ibukota":"Desa","label":"Kersik","p_keg":null,"fid_kode":84,"kode_prov":"64","kode_kab":"64.02","kode_kec":"64.02.17","kdepum":"6402172005","status":"DESA","namobj":"KERSIK","kecamatan":"MARANGKAYU","sebutan_la":null,"keldesa_id":"6402172005"},"bbox":[117.4884,-0.0526,117.4884,-0.0526]},{"type":"Feature","id":"PUSAT_PEMERINTAHAN_PT.24","geometry":{"type":"MultiPoint","coordinates":[[116.8991,-0.0521]]},"geometry_name":"geom","properties":{"id":203,"x":"116° 53' 56.733\"","y":"-0° 3' 7.739\"","ibukota":"Desa","label":"Puan Cepak","p_keg":null,"fid_kode":148,"kode_prov":"64","kode_kab":"64.02","kode_kec":"64.02.11","kdepum":"6402112019","status":"DESA","namobj":"PUAN CEPAK","kecamatan":"MUARA KAMAN","sebutan_la":null,"keldesa_id":"6402112019"},"bbox":[116.8991,-0.0521,116.8991,-0.0521]},{"type":"Feature","id":"PUSAT_PEMERINTAHAN_PT.25","geometry":{"type":"MultiPoint","coordinates":[[116.6613,-0.3843]]},"geometry_name":"geom","properties":{"id":103,"x":"116° 39' 40.776\"","y":"-0° 23' 3.478\"","ibukota":"Desa","label":"Sedulang","p_keg":null,"fid_kode":106,"kode_prov":"64","kode_kab":"64.02","kode_kec":"64.02.19","kdepum":"6402192002","status":"DESA","namobj":"SEDULANG","kecamatan":"KOTA BANGUN DARAT","sebutan_la":null,"keldesa_id":"6402192002"},"bbox":[116.6613,-0.3843,116.6613,-0.3843]},{"type":"Feature","id":"PUSAT_PEMERINTAHAN_PT.26","geometry":{"type":"MultiPoint","coordinates":[[116.5581,-0.3795]]},"geometry_name":"geom","properties":{"id":105,"x":"116° 33' 29.132\"","y":"-0° 22' 46.098\"","ibukota":"Desa","label":"Kotabangun II","p_keg":null,"fid_kode":108,"kode_prov":"64","kode_kab":"64.02","kode_kec":"64.02.08","kdepum":"6402192005","status":"DESA","namobj":"KOTA BANGUN II","kecamatan":"KOTA BANGUN DARAT","sebutan_la":null,"keldesa_id":"6402192005"},"bbox":[116.5581,-0.3795,116.5581,-0.3795]},{"type":"Feature","id":"PUSAT_PEMERINTAHAN_PT.27","geometry":{"type":"MultiPoint","coordinates":[[116.6885,-0.3684]]},"geometry_name":"geom","properties":{"id":111,"x":"116° 41' 18.556\"","y":"-0° 22' 6.261\"","ibukota":"Desa","label":"Suka Bumi","p_keg":null,"fid_kode":107,"kode_prov":"64","kode_kab":"64.02","kode_kec":"64.02.19","kdepum":"6402192009","status":"DESA","namobj":"SUKABUMI","kecamatan":"KOTA BANGUN DARAT","sebutan_la":null,"keldesa_id":"6402192009"},"bbox":[116.6885,-0.3684,116.6885,-0.3684]},{"type":"Feature","id":"PUSAT_PEMERINTAHAN_PT.28","geometry":{"type":"MultiPoint","coordinates":[[116.5905,-0.3505]]},"geometry_name":"geom","properties":{"id":120,"x":"116° 35' 25.952\"","y":"-0° 21' 1.958\"","ibukota":"Desa","label":"Kotabangun I","p_keg":null,"fid_kode":181,"kode_prov":"64","kode_kab":"64.02","kode_kec":"64.02.08","kdepum":"6402192004","status":"DESA","namobj":"KOTA BANGUN I","kecamatan":"KOTA BANGUN DARAT","sebutan_la":null,"keldesa_id":"6402192004"},"bbox":[116.5905,-0.3505,116.5905,-0.3505]},{"type":"Feature","id":"PUSAT_PEMERINTAHAN_PT.29","geometry":{"type":"MultiPoint","coordinates":[[117.4775,-0.0404]]},"geometry_name":"geom","properties":{"id":204,"x":"117° 28' 38.991\"","y":"-0° 2' 25.552\"","ibukota":"Desa","label":"Santan Tengah","p_keg":null,"fid_kode":190,"kode_prov":"64","kode_kab":"64.02","kode_kec":"64.02.17","kdepum":"6402172003","status":"DESA","namobj":"SANTAN TENGAH","kecamatan":"MARANGKAYU","sebutan_la":null,"keldesa_id":"6402172003"},"bbox":[117.4775,-0.0404,117.4775,-0.0404]},{"type":"Feature","id":"PUSAT_PEMERINTAHAN_PT.30","geometry":{"type":"MultiPoint","coordinates":[[117.4916,-0.0348]]},"geometry_name":"geom","properties":{"id":205,"x":"117° 29' 29.674\"","y":"-0° 2' 5.323\"","ibukota":"Desa","label":"Santan Ilir","p_keg":null,"fid_kode":85,"kode_prov":"64","kode_kab":"64.02","kode_kec":"64.02.17","kdepum":"6402172004","status":"DESA","namobj":"SANTAN ILIR","kecamatan":"MARANGKAYU","sebutan_la":null,"keldesa_id":"6402172004"},"bbox":[117.4916,-0.0348,117.4916,-0.0348]},{"type":"Feature","id":"PUSAT_PEMERINTAHAN_PT.31","geometry":{"type":"MultiPoint","coordinates":[[116.3673,-0.0267]]},"geometry_name":"geom","properties":{"id":206,"x":"116° 22' 2.167\"","y":"-0° 1' 35.958\"","ibukota":"Desa","label":"Kahala Ilir","p_keg":null,"fid_kode":154,"kode_prov":"64","kode_kab":"64.02","kode_kec":"64.02.09","kdepum":"6402092009","status":"DESA","namobj":"KAHALA ILIR","kecamatan":"KENOHAN","sebutan_la":null,"keldesa_id":"6402092009"},"bbox":[116.3673,-0.0267,116.3673,-0.0267]},{"type":"Feature","id":"PUSAT_PEMERINTAHAN_PT.32","geometry":{"type":"MultiPoint","coordinates":[[116.7468,-0.0234]]},"geometry_name":"geom","properties":{"id":207,"x":"116° 44' 48.557\"","y":"-0° 1' 24.107\"","ibukota":"Desa","label":"Tunjungan","p_keg":null,"fid_kode":146,"kode_prov":"64","kode_kab":"64.02","kode_kec":"64.02.11","kdepum":"6402112008","status":"DESA","namobj":"TUNJUNGAN","kecamatan":"MUARA KAMAN","sebutan_la":null,"keldesa_id":"6402112008"},"bbox":[116.7468,-0.0234,116.7468,-0.0234]},{"type":"Feature","id":"PUSAT_PEMERINTAHAN_PT.33","geometry":{"type":"MultiPoint","coordinates":[[116.3631,-0.0198]]},"geometry_name":"geom","properties":{"id":208,"x":"116° 21' 47.076\"","y":"-0° 1' 11.350\"","ibukota":"Kecamatan","label":"KENOHAN","p_keg":"Pusat Pelayanan Kawasan","fid_kode":154,"kode_prov":"64","kode_kab":"64.02","kode_kec":"64.02.09","kdepum":null,"status":"DESA","namobj":"KAHALA ILIR","kecamatan":"KENOHAN","sebutan_la":null,"keldesa_id":null},"bbox":[116.3631,-0.0198,116.3631,-0.0198]},{"type":"Feature","id":"PUSAT_PEMERINTAHAN_PT.34","geometry":{"type":"MultiPoint","coordinates":[[116.3611,-0.018]]},"geometry_name":"geom","properties":{"id":209,"x":"116° 21' 39.792\"","y":"-0° 1' 4.650\"","ibukota":"Desa","label":"Kahala","p_keg":"Pusat Pelayanan Lingkungan","fid_kode":163,"kode_prov":"64","kode_kab":"64.02","kode_kec":"64.02.09","kdepum":"6402092004","status":"DESA","namobj":"KAHALA","kecamatan":"KENOHAN","sebutan_la":null,"keldesa_id":"6402092004"},"bbox":[116.3611,-0.018,116.3611,-0.018]},{"type":"Feature","id":"PUSAT_PEMERINTAHAN_PT.35","geometry":{"type":"MultiPoint","coordinates":[[116.4206,-0.0172]]},"geometry_name":"geom","properties":{"id":210,"x":"116° 25' 14.102\"","y":"-0° 1' 1.836\"","ibukota":"Desa","label":"Tuana Tuha","p_keg":"Pusat Pelayanan Lingkungan","fid_kode":59,"kode_prov":"64","kode_kab":"64.02","kode_kec":"64.02.09","kdepum":"6402092008","status":"DESA","namobj":"TUANA TUHA","kecamatan":"KENOHAN","sebutan_la":null,"keldesa_id":"6402092008"},"bbox":[116.4206,-0.0172,116.4206,-0.0172]},{"type":"Feature","id":"PUSAT_PEMERINTAHAN_PT.36","geometry":{"type":"MultiPoint","coordinates":[[116.2572,0.0201]]},"geometry_name":"geom","properties":{"id":211,"x":"116° 15' 25.931\"","y":"0° 1' 12.449\"","ibukota":"Desa","label":"Lamin Pulut","p_keg":null,"fid_kode":52,"kode_prov":"64","kode_kab":"64.02","kode_kec":"64.02.09","kdepum":"6402092002","status":"DESA","namobj":"LAMIN PULUT","kecamatan":"KENOHAN","sebutan_la":null,"keldesa_id":"6402092002"},"bbox":[116.2572,0.0201,116.2572,0.0201]},{"type":"Feature","id":"PUSAT_PEMERINTAHAN_PT.37","geometry":{"type":"MultiPoint","coordinates":[[116.3693,0.0263]]},"geometry_name":"geom","properties":{"id":212,"x":"116° 22' 9.317\"","y":"0° 1' 34.579\"","ibukota":"Desa","label":"Teluk Bingkai","p_keg":null,"fid_kode":155,"kode_prov":"64","kode_kab":"64.02","kode_kec":"64.02.09","kdepum":"6402092003","status":"DESA","namobj":"TELUK BINGKAI","kecamatan":"KENOHAN","sebutan_la":null,"keldesa_id":"6402092003"},"bbox":[116.3693,0.0263,116.3693,0.0263]},{"type":"Feature","id":"PUSAT_PEMERINTAHAN_PT.38","geometry":{"type":"MultiPoint","coordinates":[[116.23,0.0332]]},"geometry_name":"geom","properties":{"id":213,"x":"116° 13' 48.111\"","y":"0° 1' 59.405\"","ibukota":"Desa","label":"Lamin Telihan","p_keg":null,"fid_kode":34,"kode_prov":"64","kode_kab":"64.02","kode_kec":"64.02.09","kdepum":"6402092001","status":"DESA","namobj":"LAMIN TELIHAN","kecamatan":"KENOHAN","sebutan_la":null,"keldesa_id":"6402092001"},"bbox":[116.23,0.0332,116.23,0.0332]},{"type":"Feature","id":"PUSAT_PEMERINTAHAN_PT.39","geometry":{"type":"MultiPoint","coordinates":[[116.4307,0.0766]]},"geometry_name":"geom","properties":{"id":214,"x":"116° 25' 50.523\"","y":"0° 4' 35.705\"","ibukota":"Desa","label":"Genting Tanah","p_keg":null,"fid_kode":3,"kode_prov":"64","kode_kab":"64.02","kode_kec":"64.02.10","kdepum":"6402102001","status":"DESA","namobj":"GENTING TANAH","kecamatan":"KEMBANG JANGGUT","sebutan_la":null,"keldesa_id":"6402102001"},"bbox":[116.4307,0.0766,116.4307,0.0766]},{"type":"Feature","id":"PUSAT_PEMERINTAHAN_PT.40","geometry":{"type":"MultiPoint","coordinates":[[116.6892,0.0869]]},"geometry_name":"geom","properties":{"id":215,"x":"116° 41' 21.000\"","y":"0° 5' 13.000\"","ibukota":"Desa","label":"Kupang Baru","p_keg":null,"fid_kode":159,"kode_prov":"64","kode_kab":"64.02","kode_kec":"64.02.11","kdepum":"6402112015","status":"DESA","namobj":"KUPANG BARU","kecamatan":"MUARA KAMAN","sebutan_la":null,"keldesa_id":"6402112015"},"bbox":[116.6892,0.0869,116.6892,0.0869]},{"type":"Feature","id":"PUSAT_PEMERINTAHAN_PT.41","geometry":{"type":"MultiPoint","coordinates":[[116.7598,0.0963]]},"geometry_name":"geom","properties":{"id":216,"x":"116° 45' 35.336\"","y":"0° 5' 46.649\"","ibukota":"Desa","label":"Liang Buaya","p_keg":null,"fid_kode":149,"kode_prov":"64","kode_kab":"64.02","kode_kec":"64.02.11","kdepum":"6402112018","status":"DESA","namobj":"LIANG BUAYA","kecamatan":"MUARA KAMAN","sebutan_la":null,"keldesa_id":"6402112018"},"bbox":[116.7598,0.0963,116.7598,0.0963]},{"type":"Feature","id":"PUSAT_PEMERINTAHAN_PT.42","geometry":{"type":"MultiPoint","coordinates":[[116.4081,0.1082]]},"geometry_name":"geom","properties":{"id":217,"x":"116° 24' 29.305\"","y":"0° 6' 29.437\"","ibukota":"Desa","label":"Loah Sakoh","p_keg":null,"fid_kode":21,"kode_prov":"64","kode_kab":"64.02","kode_kec":"64.02.10","kdepum":"6402102002","status":"DESA","namobj":"LOA SAKOH","kecamatan":"KEMBANG JANGGUT","sebutan_la":null,"keldesa_id":"6402102002"},"bbox":[116.4081,0.1082,116.4081,0.1082]},{"type":"Feature","id":"PUSAT_PEMERINTAHAN_PT.43","geometry":{"type":"MultiPoint","coordinates":[[116.3991,0.1208]]},"geometry_name":"geom","properties":{"id":218,"x":"116° 23' 56.615\"","y":"0° 7' 14.718\"","ibukota":"Desa","label":"Hambau","p_keg":"Pusat Pelayanan Lingkungan","fid_kode":29,"kode_prov":"64","kode_kab":"64.02","kode_kec":"64.02.10","kdepum":"6402102003","status":"DESA","namobj":"HAMBAU","kecamatan":"KEMBANG JANGGUT","sebutan_la":null,"keldesa_id":"6402102003"},"bbox":[116.3991,0.1208,116.3991,0.1208]},{"type":"Feature","id":"PUSAT_PEMERINTAHAN_PT.44","geometry":{"type":"MultiPoint","coordinates":[[116.8125,0.1286]]},"geometry_name":"geom","properties":{"id":219,"x":"116° 48' 45.120\"","y":"0° 7' 42.864\"","ibukota":"Desa","label":"Sedulang","p_keg":null,"fid_kode":158,"kode_prov":"64","kode_kab":"64.02","kode_kec":"64.02.11","kdepum":"6402112009","status":"DESA","namobj":"SEDULANG","kecamatan":"MUARA KAMAN","sebutan_la":null,"keldesa_id":"6402112009"},"bbox":[116.8125,0.1286,116.8125,0.1286]},{"type":"Feature","id":"PUSAT_PEMERINTAHAN_PT.45","geometry":{"type":"MultiPoint","coordinates":[[116.3681,0.1421]]},"geometry_name":"geom","properties":{"id":220,"x":"116° 22' 5.096\"","y":"0° 8' 31.509\"","ibukota":"Kecamatan","label":"KEMBANG JANGGUT","p_keg":"Pusat Kegiatan Lokal","fid_kode":28,"kode_prov":"64","kode_kab":"64.02","kode_kec":"64.02.10","kdepum":null,"status":"DESA","namobj":"KEMBANG JANGGUT","kecamatan":"KEMBANG JANGGUT","sebutan_la":null,"keldesa_id":null},"bbox":[116.3681,0.1421,116.3681,0.1421]},{"type":"Feature","id":"PUSAT_PEMERINTAHAN_PT.46","geometry":{"type":"MultiPoint","coordinates":[[116.3655,0.1429]]},"geometry_name":"geom","properties":{"id":221,"x":"116° 21' 55.802\"","y":"0° 8' 34.429\"","ibukota":"Desa","label":"Kembang Janggut","p_keg":null,"fid_kode":28,"kode_prov":"64","kode_kab":"64.02","kode_kec":"64.02.10","kdepum":"6402102004","status":"DESA","namobj":"KEMBANG JANGGUT","kecamatan":"KEMBANG JANGGUT","sebutan_la":null,"keldesa_id":"6402102004"},"bbox":[116.3655,0.1429,116.3655,0.1429]},{"type":"Feature","id":"PUSAT_PEMERINTAHAN_PT.47","geometry":{"type":"MultiPoint","coordinates":[[116.3064,0.2086]]},"geometry_name":"geom","properties":{"id":222,"x":"116° 18' 22.968\"","y":"0° 12' 30.922\"","ibukota":"Desa","label":"Kelekat","p_keg":null,"fid_kode":20,"kode_prov":"64","kode_kab":"64.02","kode_kec":"64.02.10","kdepum":"6402102005","status":"DESA","namobj":"KELEKAT","kecamatan":"KEMBANG JANGGUT","sebutan_la":null,"keldesa_id":"6402102005"},"bbox":[116.3064,0.2086,116.3064,0.2086]},{"type":"Feature","id":"PUSAT_PEMERINTAHAN_PT.48","geometry":{"type":"MultiPoint","coordinates":[[116.9514,0.227]]},"geometry_name":"geom","properties":{"id":224,"x":"116° 57' 5.167\"","y":"0° 13' 37.375\"","ibukota":"Desa","label":"Menamang Kanan","p_keg":null,"fid_kode":9,"kode_prov":"64","kode_kab":"64.02","kode_kec":"64.02.11","kdepum":"6402112011","status":"DESA","namobj":"MENAMANG KANAN","kecamatan":"MUARA KAMAN","sebutan_la":null,"keldesa_id":"6402112011"},"bbox":[116.9514,0.227,116.9514,0.227]},{"type":"Feature","id":"PUSAT_PEMERINTAHAN_PT.49","geometry":{"type":"MultiPoint","coordinates":[[116.2297,0.251]]},"geometry_name":"geom","properties":{"id":225,"x":"116° 13' 46.989\"","y":"0° 15' 3.484\"","ibukota":"Desa","label":"Bukit Layang","p_keg":null,"fid_kode":22,"kode_prov":"64","kode_kab":"64.02","kode_kec":"64.02.10","kdepum":"6402102011","status":"DESA","namobj":"BUKIT LAYANG","kecamatan":"KEMBANG JANGGUT","sebutan_la":null,"keldesa_id":"6402102011"},"bbox":[116.2297,0.251,116.2297,0.251]},{"type":"Feature","id":"PUSAT_PEMERINTAHAN_PT.50","geometry":{"type":"MultiPoint","coordinates":[[116.2111,0.2597]]},"geometry_name":"geom","properties":{"id":226,"x":"116° 12' 39.794\"","y":"0° 15' 34.846\"","ibukota":"Desa","label":"Perdana","p_keg":null,"fid_kode":33,"kode_prov":"64","kode_kab":"64.02","kode_kec":"64.02.10","kdepum":"6402102010","status":"DESA","namobj":"PERDANA","kecamatan":"KEMBANG JANGGUT","sebutan_la":null,"keldesa_id":"6402102010"},"bbox":[116.2111,0.2597,116.2111,0.2597]},{"type":"Feature","id":"PUSAT_PEMERINTAHAN_PT.51","geometry":{"type":"MultiPoint","coordinates":[[116.1722,0.2598]]},"geometry_name":"geom","properties":{"id":227,"x":"116° 10' 19.949\"","y":"0° 15' 35.254\"","ibukota":"Desa","label":"Pulau Pinang","p_keg":null,"fid_kode":24,"kode_prov":"64","kode_kab":"64.02","kode_kec":"64.02.10","kdepum":"6402102006","status":"DESA","namobj":"PULAU PINANG","kecamatan":"KEMBANG JANGGUT","sebutan_la":null,"keldesa_id":"6402102006"},"bbox":[116.1722,0.2598,116.1722,0.2598]},{"type":"Feature","id":"PUSAT_PEMERINTAHAN_PT.52","geometry":{"type":"MultiPoint","coordinates":[[116.2323,0.2751]]},"geometry_name":"geom","properties":{"id":228,"x":"116° 13' 56.291\"","y":"0° 16' 30.528\"","ibukota":"Desa","label":"Muai","p_keg":null,"fid_kode":31,"kode_prov":"64","kode_kab":"64.02","kode_kec":"64.02.10","kdepum":"6402102009","status":"DESA","namobj":"MUAI","kecamatan":"KEMBANG JANGGUT","sebutan_la":null,"keldesa_id":"6402102009"},"bbox":[116.2323,0.2751,116.2323,0.2751]},{"type":"Feature","id":"PUSAT_PEMERINTAHAN_PT.53","geometry":{"type":"MultiPoint","coordinates":[[116.1653,0.2797]]},"geometry_name":"geom","properties":{"id":229,"x":"116° 9' 55.099\"","y":"0° 16' 47.046\"","ibukota":"Desa","label":"Long Beleh Haloq","p_keg":"Pusat Pelayanan Lingkungan","fid_kode":32,"kode_prov":"64","kode_kab":"64.02","kode_kec":"64.02.10","kdepum":"6402102007","status":"DESA","namobj":"LONG BELEH HALOQ","kecamatan":"KEMBANG JANGGUT","sebutan_la":null,"keldesa_id":"6402102007"},"bbox":[116.1653,0.2797,116.1653,0.2797]},{"type":"Feature","id":"PUSAT_PEMERINTAHAN_PT.54","geometry":{"type":"MultiPoint","coordinates":[[116.153,0.3465]]},"geometry_name":"geom","properties":{"id":230,"x":"116° 9' 10.773\"","y":"0° 20' 47.274\"","ibukota":"Desa","label":"Long Beleh Modang","p_keg":null,"fid_kode":30,"kode_prov":"64","kode_kab":"64.02","kode_kec":"64.02.10","kdepum":"6402102008","status":"DESA","namobj":"LONG BELEH MODANG","kecamatan":"KEMBANG JANGGUT","sebutan_la":null,"keldesa_id":"6402102008"},"bbox":[116.153,0.3465,116.153,0.3465]},{"type":"Feature","id":"PUSAT_PEMERINTAHAN_PT.55","geometry":{"type":"MultiPoint","coordinates":[[116.1316,0.3671]]},"geometry_name":"geom","properties":{"id":231,"x":"116° 7' 53.900\"","y":"0° 22' 1.518\"","ibukota":"Desa","label":"Gunung Sari","p_keg":null,"fid_kode":23,"kode_prov":"64","kode_kab":"64.02","kode_kec":"64.02.12","kdepum":"6402122001","status":"DESA","namobj":"GUNUNG SARI","kecamatan":"TABANG","sebutan_la":null,"keldesa_id":"6402122001"},"bbox":[116.1316,0.3671,116.1316,0.3671]},{"type":"Feature","id":"PUSAT_PEMERINTAHAN_PT.56","geometry":{"type":"MultiPoint","coordinates":[[116.0678,0.3703]]},"geometry_name":"geom","properties":{"id":232,"x":"116° 4' 3.945\"","y":"0° 22' 13.236\"","ibukota":"Desa","label":"Long Lalang","p_keg":null,"fid_kode":25,"kode_prov":"64","kode_kab":"64.02","kode_kec":"64.02.12","kdepum":"6402122002","status":"DESA","namobj":"LONG LALANG","kecamatan":"TABANG","sebutan_la":null,"keldesa_id":"6402122002"},"bbox":[116.0678,0.3703,116.0678,0.3703]},{"type":"Feature","id":"PUSAT_PEMERINTAHAN_PT.57","geometry":{"type":"MultiPoint","coordinates":[[117.0597,-1.0199]]},"geometry_name":"geom","properties":{"id":11,"x":"117° 3' 35.099\"","y":"-1° 1' 11.696\"","ibukota":"Kelurahan","label":"Wonotirto","p_keg":null,"fid_kode":192,"kode_prov":"64","kode_kab":"64.02","kode_kec":"64.02.13","kdepum":"6402131008","status":"KELURAHAN","namobj":"WONOTIRTO","kecamatan":"SAMBOJA","sebutan_la":null,"keldesa_id":"6402131008"},"bbox":[117.0597,-1.0199,117.0597,-1.0199]},{"type":"Feature","id":"PUSAT_PEMERINTAHAN_PT.58","geometry":{"type":"MultiPoint","coordinates":[[117.1163,-1.0178]]},"geometry_name":"geom","properties":{"id":12,"x":"117° 6' 58.778\"","y":"-1° 1' 4.150\"","ibukota":"Kelurahan","label":"Samboja Kuala","p_keg":null,"fid_kode":64,"kode_prov":"64","kode_kab":"64.02","kode_kec":"64.02.13","kdepum":"6402131010","status":"KELURAHAN","namobj":"SAMBOJA KUALA","kecamatan":"SAMBOJA","sebutan_la":null,"keldesa_id":"6402131010"},"bbox":[117.1163,-1.0178,117.1163,-1.0178]},{"type":"Feature","id":"PUSAT_PEMERINTAHAN_PT.59","geometry":{"type":"MultiPoint","coordinates":[[117.0487,-1.0131]]},"geometry_name":"geom","properties":{"id":14,"x":"117° 2' 55.374\"","y":"-1° 0' 47.275\"","ibukota":"Kelurahan","label":"Sungai Seluang","p_keg":null,"fid_kode":66,"kode_prov":"64","kode_kab":"64.02","kode_kec":"64.02.13","kdepum":"6402131007","status":"KELURAHAN","namobj":"SUNGAI SELUANG","kecamatan":"SAMBOJA","sebutan_la":null,"keldesa_id":"6402131007"},"bbox":[117.0487,-1.0131,117.0487,-1.0131]},{"type":"Feature","id":"PUSAT_PEMERINTAHAN_PT.60","geometry":{"type":"MultiPoint","coordinates":[[117.1302,-1.004]]},"geometry_name":"geom","properties":{"id":15,"x":"117° 7' 48.820\"","y":"-1° 0' 14.538\"","ibukota":"Kelurahan","label":"Teluk Pemedas","p_keg":null,"fid_kode":67,"kode_prov":"64","kode_kab":"64.02","kode_kec":"64.02.13","kdepum":"6402131021","status":"KELURAHAN","namobj":"TELUK PEMEDAS","kecamatan":"SAMBOJA","sebutan_la":null,"keldesa_id":"6402131021"},"bbox":[117.1302,-1.004,117.1302,-1.004]},{"type":"Feature","id":"PUSAT_PEMERINTAHAN_PT.61","geometry":{"type":"MultiPoint","coordinates":[[116.9788,-0.9944]]},"geometry_name":"geom","properties":{"id":16,"x":"116° 58' 43.745\"","y":"-0° 59' 39.824\"","ibukota":"Kelurahan","label":"Sungai Merdeka","p_keg":null,"fid_kode":69,"kode_prov":"64","kode_kab":"64.02","kode_kec":"64.02.20","kdepum":"6402201002","status":"KELURAHAN","namobj":"SUNGAI MERDEKA","kecamatan":"SAMBOJA BARAT","sebutan_la":null,"keldesa_id":"6402201002"},"bbox":[116.9788,-0.9944,116.9788,-0.9944]},{"type":"Feature","id":"PUSAT_PEMERINTAHAN_PT.62","geometry":{"type":"MultiPoint","coordinates":[[117.0554,-0.9798]]},"geometry_name":"geom","properties":{"id":17,"x":"117° 3' 19.380\"","y":"-0° 58' 47.300\"","ibukota":"Desa","label":"Bukit Raya","p_keg":"Pusat Pelayanan Lingkungan","fid_kode":65,"kode_prov":"64","kode_kab":"64.02","kode_kec":"64.02.13","kdepum":"6402132016","status":"DESA","namobj":"BUKIT RAYA","kecamatan":"SAMBOJA","sebutan_la":null,"keldesa_id":"6402132016"},"bbox":[117.0554,-0.9798,117.0554,-0.9798]},{"type":"Feature","id":"PUSAT_PEMERINTAHAN_PT.63","geometry":{"type":"MultiPoint","coordinates":[[117.1593,-0.9652]]},"geometry_name":"geom","properties":{"id":18,"x":"117° 9' 33.369\"","y":"-0° 57' 54.774\"","ibukota":"Kelurahan","label":"Sanipah","p_keg":null,"fid_kode":71,"kode_prov":"64","kode_kab":"64.02","kode_kec":"64.02.13","kdepum":"6402131011","status":"KELURAHAN","namobj":"SANIPAH","kecamatan":"SAMBOJA","sebutan_la":"SENIPAH","keldesa_id":"6402131011"},"bbox":[117.1593,-0.9652,117.1593,-0.9652]},{"type":"Feature","id":"PUSAT_PEMERINTAHAN_PT.64","geometry":{"type":"MultiPoint","coordinates":[[117.0722,-0.9555]]},"geometry_name":"geom","properties":{"id":19,"x":"117° 4' 19.855\"","y":"-0° 57' 19.752\"","ibukota":"Desa","label":"Beringin Agung","p_keg":"Pusat Pelayanan Lingkungan","fid_kode":68,"kode_prov":"64","kode_kab":"64.02","kode_kec":"64.02.13","kdepum":"6402132019","status":"DESA","namobj":"BERINGIN AGUNG","kecamatan":"SAMBOJA","sebutan_la":null,"keldesa_id":"6402132019"},"bbox":[117.0722,-0.9555,117.0722,-0.9555]},{"type":"Feature","id":"PUSAT_PEMERINTAHAN_PT.65","geometry":{"type":"MultiPoint","coordinates":[[117.0097,-0.935]]},"geometry_name":"geom","properties":{"id":20,"x":"117° 0' 35.064\"","y":"-0° 56' 6.006\"","ibukota":"Kelurahan","label":"Bukit Merdeka","p_keg":null,"fid_kode":167,"kode_prov":"64","kode_kab":"64.02","kode_kec":"64.02.20","kdepum":"6402201001","status":"KELURAHAN","namobj":"BUKIT MERDEKA","kecamatan":"SAMBOJA BARAT","sebutan_la":null,"keldesa_id":"6402201001"},"bbox":[117.0097,-0.935,117.0097,-0.935]},{"type":"Feature","id":"PUSAT_PEMERINTAHAN_PT.66","geometry":{"type":"MultiPoint","coordinates":[[117.2086,-0.9243]]},"geometry_name":"geom","properties":{"id":21,"x":"117° 12' 30.912\"","y":"-0° 55' 27.454\"","ibukota":"Kelurahan","label":"Handil Baru","p_keg":null,"fid_kode":70,"kode_prov":"64","kode_kab":"64.02","kode_kec":"64.02.13","kdepum":"6402131012","status":"KELURAHAN","namobj":"HANDIL BARU","kecamatan":"SAMBOJA","sebutan_la":null,"keldesa_id":"6402131012"},"bbox":[117.2086,-0.9243,117.2086,-0.9243]},{"type":"Feature","id":"PUSAT_PEMERINTAHAN_PT.67","geometry":{"type":"MultiPoint","coordinates":[[117.2032,-0.8915]]},"geometry_name":"geom","properties":{"id":22,"x":"117° 12' 11.378\"","y":"-0° 53' 29.317\"","ibukota":"Kelurahan","label":"Handil Baru Darat","p_keg":null,"fid_kode":72,"kode_prov":"64","kode_kab":"64.02","kode_kec":"64.02.13","kdepum":"6402131023","status":"DESA","namobj":"HANDIL BARU BARAT","kecamatan":"SAMBOJA","sebutan_la":null,"keldesa_id":"6402131023"},"bbox":[117.2032,-0.8915,117.2032,-0.8915]},{"type":"Feature","id":"PUSAT_PEMERINTAHAN_PT.68","geometry":{"type":"MultiPoint","coordinates":[[117.2034,-0.8825]]},"geometry_name":"geom","properties":{"id":23,"x":"117° 12' 12.402\"","y":"-0° 52' 56.929\"","ibukota":"Kelurahan","label":"Muara Sembilang","p_keg":null,"fid_kode":73,"kode_prov":"64","kode_kab":"64.02","kode_kec":"64.02.13","kdepum":"6402131013","status":"KELURAHAN","namobj":"MUARA SEMBILANG","kecamatan":"SAMBOJA","sebutan_la":null,"keldesa_id":"6402131013"},"bbox":[117.2034,-0.8825,117.2034,-0.8825]},{"type":"Feature","id":"PUSAT_PEMERINTAHAN_PT.69","geometry":{"type":"MultiPoint","coordinates":[[117.2087,-0.8706]]},"geometry_name":"geom","properties":{"id":24,"x":"117° 12' 31.361\"","y":"-0° 52' 13.990\"","ibukota":"Kelurahan","label":"Muara Jawa Ilir","p_keg":null,"fid_kode":6,"kode_prov":"64","kode_kab":"64.02","kode_kec":"64.02.14","kdepum":"6402141001","status":"KELURAHAN","namobj":"MUARA JAWA ILIR","kecamatan":"MUARA JAWA","sebutan_la":null,"keldesa_id":"6402141001"},"bbox":[117.2087,-0.8706,117.2087,-0.8706]},{"type":"Feature","id":"PUSAT_PEMERINTAHAN_PT.70","geometry":{"type":"MultiPoint","coordinates":[[117.2156,-0.8561]]},"geometry_name":"geom","properties":{"id":25,"x":"117° 12' 56.280\"","y":"-0° 51' 22.139\"","ibukota":"Kelurahan","label":"Muara Jawa Tengah","p_keg":null,"fid_kode":74,"kode_prov":"64","kode_kab":"64.02","kode_kec":"64.02.14","kdepum":"6402141002","status":"KELURAHAN","namobj":"MUARA JAWA TENGAH","kecamatan":"MUARA JAWA","sebutan_la":null,"keldesa_id":"6402141002"},"bbox":[117.2156,-0.8561,117.2156,-0.8561]},{"type":"Feature","id":"PUSAT_PEMERINTAHAN_PT.71","geometry":{"type":"MultiPoint","coordinates":[[117.2319,-0.8353]]},"geometry_name":"geom","properties":{"id":26,"x":"117° 13' 54.694\"","y":"-0° 50' 7.139\"","ibukota":"Kelurahan","label":"Muara Jawa Pesisir","p_keg":null,"fid_kode":0,"kode_prov":"64","kode_kab":"64.02","kode_kec":"64.02.14","kdepum":"6402141008","status":"KELURAHAN","namobj":"MUARA JAWA","kecamatan":"MUARA JAWA","sebutan_la":"MUARA JAWA PESISIR","keldesa_id":"6402141008"},"bbox":[117.2319,-0.8353,117.2319,-0.8353]},{"type":"Feature","id":"PUSAT_PEMERINTAHAN_PT.72","geometry":{"type":"MultiPoint","coordinates":[[117.2337,-0.8248]]},"geometry_name":"geom","properties":{"id":27,"x":"117° 14' 1.422\"","y":"-0° 49' 29.170\"","ibukota":"Kelurahan","label":"Muara Jawa Ulu","p_keg":null,"fid_kode":56,"kode_prov":"64","kode_kab":"64.02","kode_kec":"64.02.14","kdepum":"6402141003","status":"KELURAHAN","namobj":"MUARA JAWA ULU","kecamatan":"MUARA JAWA","sebutan_la":null,"keldesa_id":"6402141003"},"bbox":[117.2337,-0.8248,117.2337,-0.8248]},{"type":"Feature","id":"PUSAT_PEMERINTAHAN_PT.73","geometry":{"type":"MultiPoint","coordinates":[[117.1915,-0.8044]]},"geometry_name":"geom","properties":{"id":29,"x":"117° 11' 29.415\"","y":"-0° 48' 15.906\"","ibukota":"Kelurahan","label":"Teluk Dalam","p_keg":null,"fid_kode":76,"kode_prov":"64","kode_kab":"64.02","kode_kec":"64.02.14","kdepum":"6402141004","status":"KELURAHAN","namobj":"TELUK DALAM","kecamatan":"MUARA JAWA","sebutan_la":null,"keldesa_id":"6402141004"},"bbox":[117.1915,-0.8044,117.1915,-0.8044]},{"type":"Feature","id":"PUSAT_PEMERINTAHAN_PT.74","geometry":{"type":"MultiPoint","coordinates":[[117.2258,-0.7899]]},"geometry_name":"geom","properties":{"id":30,"x":"117° 13' 32.851\"","y":"-0° 47' 23.745\"","ibukota":"Kelurahan","label":"Dondang","p_keg":null,"fid_kode":77,"kode_prov":"64","kode_kab":"64.02","kode_kec":"64.02.14","kdepum":"6402141005","status":"KELURAHAN","namobj":"DONDANG","kecamatan":"MUARA JAWA","sebutan_la":null,"keldesa_id":"6402141005"},"bbox":[117.2258,-0.7899,117.2258,-0.7899]},{"type":"Feature","id":"PUSAT_PEMERINTAHAN_PT.75","geometry":{"type":"MultiPoint","coordinates":[[117.5906,-0.7799]]},"geometry_name":"geom","properties":{"id":31,"x":"117° 35' 26.137\"","y":"-0° 46' 47.556\"","ibukota":"Desa","label":"Sepatin","p_keg":null,"fid_kode":57,"kode_prov":"64","kode_kab":"64.02","kode_kec":"64.02.04","kdepum":"6402042001","status":"DESA","namobj":"SEPATIN","kecamatan":"ANGGANA","sebutan_la":null,"keldesa_id":"6402042001"},"bbox":[117.5906,-0.7799,117.5906,-0.7799]},{"type":"Feature","id":"PUSAT_PEMERINTAHAN_PT.76","geometry":{"type":"MultiPoint","coordinates":[[117.2438,-0.7701]]},"geometry_name":"geom","properties":{"id":32,"x":"117° 14' 37.624\"","y":"-0° 46' 12.387\"","ibukota":"Kelurahan","label":"Tamapole","p_keg":null,"fid_kode":75,"kode_prov":"64","kode_kab":"64.02","kode_kec":"64.02.14","kdepum":"6402141006","status":"KELURAHAN","namobj":"TAMAPOLE","kecamatan":"MUARA JAWA","sebutan_la":null,"keldesa_id":"6402141006"},"bbox":[117.2438,-0.7701,117.2438,-0.7701]},{"type":"Feature","id":"PUSAT_PEMERINTAHAN_PT.77","geometry":{"type":"MultiPoint","coordinates":[[117.2838,-0.7608]]},"geometry_name":"geom","properties":{"id":33,"x":"117° 17' 1.558\"","y":"-0° 45' 38.716\"","ibukota":"Kelurahan","label":"Muara Kembang","p_keg":null,"fid_kode":78,"kode_prov":"64","kode_kab":"64.02","kode_kec":"64.02.14","kdepum":"6402141007","status":"KELURAHAN","namobj":"MUARA KEMBANG","kecamatan":"MUARA JAWA","sebutan_la":null,"keldesa_id":"6402141007"},"bbox":[117.2838,-0.7608,117.2838,-0.7608]},{"type":"Feature","id":"PUSAT_PEMERINTAHAN_PT.78","geometry":{"type":"MultiPoint","coordinates":[[117.1229,-0.7308]]},"geometry_name":"geom","properties":{"id":34,"x":"117° 7' 22.456\"","y":"-0° 43' 50.899\"","ibukota":"Desa","label":"Tani Harapan","p_keg":null,"fid_kode":10,"kode_prov":"64","kode_kab":"64.02","kode_kec":"64.02.03","kdepum":"6402032008","status":"DESA","namobj":"TANI HARAPAN","kecamatan":"LOA JANAN","sebutan_la":null,"keldesa_id":"6402032008"},"bbox":[117.1229,-0.7308,117.1229,-0.7308]},{"type":"Feature","id":"PUSAT_PEMERINTAHAN_PT.79","geometry":{"type":"MultiPoint","coordinates":[[117.0901,-0.7188]]},"geometry_name":"geom","properties":{"id":35,"x":"117° 5' 24.524\"","y":"-0° 43' 7.770\"","ibukota":"Desa","label":"Batuah","p_keg":null,"fid_kode":121,"kode_prov":"64","kode_kab":"64.02","kode_kec":"64.02.03","kdepum":"6402032006","status":"DESA","namobj":"BATUAH","kecamatan":"LOA JANAN","sebutan_la":null,"keldesa_id":"6402032006"},"bbox":[117.0901,-0.7188,117.0901,-0.7188]},{"type":"Feature","id":"PUSAT_PEMERINTAHAN_PT.80","geometry":{"type":"MultiPoint","coordinates":[[117.2268,-0.6764]]},"geometry_name":"geom","properties":{"id":36,"x":"117° 13' 36.642\"","y":"-0° 40' 35.066\"","ibukota":"Kelurahan","label":"Lurah Jawa","p_keg":null,"fid_kode":79,"kode_prov":"64","kode_kab":"64.02","kode_kec":"64.02.15","kdepum":"6402151001","status":"KELURAHAN","namobj":"JAWA","kecamatan":"SANGA SANGA","sebutan_la":null,"keldesa_id":"6402151001"},"bbox":[117.2268,-0.6764,117.2268,-0.6764]},{"type":"Feature","id":"PUSAT_PEMERINTAHAN_PT.81","geometry":{"type":"MultiPoint","coordinates":[[117.2331,-0.662]]},"geometry_name":"geom","properties":{"id":38,"x":"117° 13' 59.323\"","y":"-0° 39' 43.346\"","ibukota":"Kelurahan","label":"Sanga Sanga Dalam","p_keg":null,"fid_kode":80,"kode_prov":"64","kode_kab":"64.02","kode_kec":"64.02.15","kdepum":"6402151003","status":"KELURAHAN","namobj":"SANGA SANGA DALAM","kecamatan":"SANGA SANGA","sebutan_la":null,"keldesa_id":"6402151003"},"bbox":[117.2331,-0.662,117.2331,-0.662]},{"type":"Feature","id":"PUSAT_PEMERINTAHAN_PT.82","geometry":{"type":"MultiPoint","coordinates":[[117.3005,-0.6603]]},"geometry_name":"geom","properties":{"id":39,"x":"117° 18' 1.655\"","y":"-0° 39' 37.236\"","ibukota":"Kelurahan","label":"Pendingin","p_keg":null,"fid_kode":81,"kode_prov":"64","kode_kab":"64.02","kode_kec":"64.02.15","kdepum":"6402151002","status":"KELURAHAN","namobj":"PENDINGIN","kecamatan":"SANGA SANGA","sebutan_la":null,"keldesa_id":"6402151002"},"bbox":[117.3005,-0.6603,117.3005,-0.6603]},{"type":"Feature","id":"PUSAT_PEMERINTAHAN_PT.83","geometry":{"type":"MultiPoint","coordinates":[[117.1257,-0.6304]]},"geometry_name":"geom","properties":{"id":40,"x":"117° 7' 32.579\"","y":"-0° 37' 49.318\"","ibukota":"Desa","label":"Tani Bakti","p_keg":null,"fid_kode":122,"kode_prov":"64","kode_kab":"64.02","kode_kec":"64.02.03","kdepum":"6402032005","status":"DESA","namobj":"TANI BHAKTI","kecamatan":"LOA JANAN","sebutan_la":null,"keldesa_id":"6402032005"},"bbox":[117.1257,-0.6304,117.1257,-0.6304]},{"type":"Feature","id":"PUSAT_PEMERINTAHAN_PT.84","geometry":{"type":"MultiPoint","coordinates":[[117.2492,-0.6278]]},"geometry_name":"geom","properties":{"id":41,"x":"117° 14' 57.049\"","y":"-0° 37' 39.921\"","ibukota":"Kelurahan","label":"Sari Jaya","p_keg":null,"fid_kode":82,"kode_prov":"64","kode_kab":"64.02","kode_kec":"64.02.15","kdepum":"6402151004","status":"KELURAHAN","namobj":"SARI JAYA","kecamatan":"SANGA SANGA","sebutan_la":null,"keldesa_id":"6402151004"},"bbox":[117.2492,-0.6278,117.2492,-0.6278]},{"type":"Feature","id":"PUSAT_PEMERINTAHAN_PT.85","geometry":{"type":"MultiPoint","coordinates":[[116.7611,-0.6154]]},"geometry_name":"geom","properties":{"id":42,"x":"116° 45' 39.839\"","y":"-0° 36' 55.288\"","ibukota":"Desa","label":"Jonggon","p_keg":null,"fid_kode":176,"kode_prov":"64","kode_kab":"64.02","kode_kec":"64.02.02","kdepum":"6402022001","status":"DESA","namobj":"JONGGON DESA","kecamatan":"LOA KULU","sebutan_la":null,"keldesa_id":"6402022001"},"bbox":[116.7611,-0.6154,116.7611,-0.6154]},{"type":"Feature","id":"PUSAT_PEMERINTAHAN_PT.86","geometry":{"type":"MultiPoint","coordinates":[[117.0848,-0.6153]]},"geometry_name":"geom","properties":{"id":43,"x":"117° 5' 5.198\"","y":"-0° 36' 55.030\"","ibukota":"Desa","label":"Purwajaya","p_keg":null,"fid_kode":123,"kode_prov":"64","kode_kab":"64.02","kode_kec":"64.02.03","kdepum":"6402032004","status":"DESA","namobj":"PURWAJAYA","kecamatan":"LOA JANAN","sebutan_la":null,"keldesa_id":"6402032004"},"bbox":[117.0848,-0.6153,117.0848,-0.6153]},{"type":"Feature","id":"PUSAT_PEMERINTAHAN_PT.87","geometry":{"type":"MultiPoint","coordinates":[[116.8898,-0.6115]]},"geometry_name":"geom","properties":{"id":44,"x":"116° 53' 23.132\"","y":"-0° 36' 41.413\"","ibukota":"Desa","label":"Lung Anai","p_keg":null,"fid_kode":177,"kode_prov":"64","kode_kab":"64.02","kode_kec":"64.02.02","kdepum":"6402022010","status":"DESA","namobj":"LUNG ANAI","kecamatan":"LOA KULU","sebutan_la":null,"keldesa_id":"6402022010"},"bbox":[116.8898,-0.6115,116.8898,-0.6115]},{"type":"Feature","id":"PUSAT_PEMERINTAHAN_PT.88","geometry":{"type":"MultiPoint","coordinates":[[116.8844,-0.6078]]},"geometry_name":"geom","properties":{"id":45,"x":"116° 53' 3.812\"","y":"-0° 36' 28.182\"","ibukota":"Desa","label":"Sungai Payang","p_keg":null,"fid_kode":227,"kode_prov":"64","kode_kab":"64.02","kode_kec":"64.02.02","kdepum":"6402022002","status":"DESA","namobj":"SUNGAI PAYANG","kecamatan":"LOA KULU","sebutan_la":null,"keldesa_id":"6402022002"},"bbox":[116.8844,-0.6078,116.8844,-0.6078]},{"type":"Feature","id":"PUSAT_PEMERINTAHAN_PT.89","geometry":{"type":"MultiPoint","coordinates":[[117.2853,-0.6042]]},"geometry_name":"geom","properties":{"id":46,"x":"117° 17' 7.151\"","y":"-0° 36' 15.237\"","ibukota":"Kelurahan","label":"Sanga Sanga Muara","p_keg":null,"fid_kode":83,"kode_prov":"64","kode_kab":"64.02","kode_kec":"64.02.15","kdepum":"6402151005","status":"KELURAHAN","namobj":"SANGA SANGA MUARA","kecamatan":"SANGA SANGA","sebutan_la":null,"keldesa_id":"6402151005"},"bbox":[117.2853,-0.6042,117.2853,-0.6042]},{"type":"Feature","id":"PUSAT_PEMERINTAHAN_PT.90","geometry":{"type":"MultiPoint","coordinates":[[117.0695,-0.5977]]},"geometry_name":"geom","properties":{"id":47,"x":"117° 4' 10.069\"","y":"-0° 35' 51.599\"","ibukota":"Desa","label":"Loah Duri Ilir","p_keg":"Pusat Pelayanan Lingkungan","fid_kode":166,"kode_prov":"64","kode_kab":"64.02","kode_kec":"64.02.03","kdepum":"6402032007","status":"DESA","namobj":"LOA DURI ILIR","kecamatan":"LOA JANAN","sebutan_la":null,"keldesa_id":"6402032007"},"bbox":[117.0695,-0.5977,117.0695,-0.5977]},{"type":"Feature","id":"PUSAT_PEMERINTAHAN_PT.91","geometry":{"type":"MultiPoint","coordinates":[[117.0357,-0.5938]]},"geometry_name":"geom","properties":{"id":48,"x":"117° 2' 8.548\"","y":"-0° 35' 37.675\"","ibukota":"Desa","label":"Bakungan","p_keg":null,"fid_kode":164,"kode_prov":"64","kode_kab":"64.02","kode_kec":"64.02.03","kdepum":"6402032001","status":"DESA","namobj":"BAKUNGAN","kecamatan":"LOA JANAN","sebutan_la":null,"keldesa_id":"6402032001"},"bbox":[117.0357,-0.5938,117.0357,-0.5938]},{"type":"Feature","id":"PUSAT_PEMERINTAHAN_PT.92","geometry":{"type":"MultiPoint","coordinates":[[117.0602,-0.5888]]},"geometry_name":"geom","properties":{"id":49,"x":"117° 3' 36.856\"","y":"-0° 35' 19.685\"","ibukota":"Desa","label":"Loah Duri Ulu","p_keg":null,"fid_kode":165,"kode_prov":"64","kode_kab":"64.02","kode_kec":"64.02.03","kdepum":"6402032002","status":"DESA","namobj":"LOA DURI ULU","kecamatan":"LOA JANAN","sebutan_la":null,"keldesa_id":"6402032002"},"bbox":[117.0602,-0.5888,117.0602,-0.5888]},{"type":"Feature","id":"PUSAT_PEMERINTAHAN_PT.93","geometry":{"type":"MultiPoint","coordinates":[[117.2851,-0.5688]]},"geometry_name":"geom","properties":{"id":55,"x":"117° 17' 6.270\"","y":"-0° 34' 7.526\"","ibukota":"Desa","label":"Anggana","p_keg":"Pusat Pelayanan Kawasan","fid_kode":195,"kode_prov":"64","kode_kab":"64.02","kode_kec":"64.02.04","kdepum":"6402042005","status":"DESA","namobj":"ANGGANA","kecamatan":"ANGGANA","sebutan_la":null,"keldesa_id":"6402042005"},"bbox":[117.2851,-0.5688,117.2851,-0.5688]},{"type":"Feature","id":"PUSAT_PEMERINTAHAN_PT.94","geometry":{"type":"MultiPoint","coordinates":[[117.3759,-0.5629]]},"geometry_name":"geom","properties":{"id":57,"x":"117° 22' 33.276\"","y":"-0° 33' 46.338\"","ibukota":"Desa","label":"Handil Terusan","p_keg":null,"fid_kode":55,"kode_prov":"64","kode_kab":"64.02","kode_kec":"64.02.04","kdepum":"6402042008","status":"DESA","namobj":"HANDIL TERUSAN","kecamatan":"ANGGANA","sebutan_la":null,"keldesa_id":"6402042008"},"bbox":[117.3759,-0.5629,117.3759,-0.5629]},{"type":"Feature","id":"PUSAT_PEMERINTAHAN_PT.95","geometry":{"type":"MultiPoint","coordinates":[[116.7856,-0.5615]]},"geometry_name":"geom","properties":{"id":58,"x":"116° 47' 8.022\"","y":"-0° 33' 41.382\"","ibukota":"Desa","label":"Jonggon B","p_keg":null,"fid_kode":234,"kode_prov":"64","kode_kab":"64.02","kode_kec":"64.02.02","kdepum":"6402022009","status":"DESA","namobj":"KARYA UTAMA","kecamatan":"LOA KULU","sebutan_la":"JONGGON JAYA","keldesa_id":"6402022009"},"bbox":[116.7856,-0.5615,116.7856,-0.5615]},{"type":"Feature","id":"PUSAT_PEMERINTAHAN_PT.96","geometry":{"type":"MultiPoint","coordinates":[[117.0194,-0.5512]]},"geometry_name":"geom","properties":{"id":59,"x":"117° 1' 9.796\"","y":"-0° 33' 4.332\"","ibukota":"Desa","label":"Jembayan","p_keg":"Pusat Pelayanan Lingkungan","fid_kode":12,"kode_prov":"64","kode_kab":"64.02","kode_kec":"64.02.02","kdepum":"6402022003","status":"DESA","namobj":"JEMBAYAN","kecamatan":"LOA KULU","sebutan_la":null,"keldesa_id":"6402022003"},"bbox":[117.0194,-0.5512,117.0194,-0.5512]},{"type":"Feature","id":"PUSAT_PEMERINTAHAN_PT.97","geometry":{"type":"MultiPoint","coordinates":[[117.279,-0.5463]]},"geometry_name":"geom","properties":{"id":60,"x":"117° 16' 44.316\"","y":"-0° 32' 46.859\"","ibukota":"Desa","label":"Sidomulyo","p_keg":null,"fid_kode":197,"kode_prov":"64","kode_kab":"64.02","kode_kec":"64.02.04","kdepum":"6402042007","status":"DESA","namobj":"SIDOMULYO","kecamatan":"ANGGANA","sebutan_la":null,"keldesa_id":"6402042007"},"bbox":[117.279,-0.5463,117.279,-0.5463]},{"type":"Feature","id":"PUSAT_PEMERINTAHAN_PT.98","geometry":{"type":"MultiPoint","coordinates":[[116.4197,-0.5355]]},"geometry_name":"geom","properties":{"id":61,"x":"116° 25' 10.764\"","y":"-0° 32' 7.787\"","ibukota":"Desa","label":"Perian","p_keg":"Pusat Pelayanan Lingkungan","fid_kode":201,"kode_prov":"64","kode_kab":"64.02","kode_kec":"64.02.01","kdepum":"6402012001","status":"DESA","namobj":"PERIAN","kecamatan":"MUARA MUNTAI","sebutan_la":null,"keldesa_id":"6402012001"},"bbox":[116.4197,-0.5355,116.4197,-0.5355]},{"type":"Feature","id":"PUSAT_PEMERINTAHAN_PT.99","geometry":{"type":"MultiPoint","coordinates":[[117.0179,-0.5185]]},"geometry_name":"geom","properties":{"id":62,"x":"117° 1' 4.516\"","y":"-0° 31' 6.696\"","ibukota":"Desa","label":"Lok Sumber","p_keg":"Pusat Pelayanan Lingkungan","fid_kode":214,"kode_prov":"64","kode_kab":"64.02","kode_kec":"64.02.02","kdepum":"6402022005","status":"DESA","namobj":"LOH SUMBER","kecamatan":"LOA KULU","sebutan_la":null,"keldesa_id":"6402022005"},"bbox":[117.0179,-0.5185,117.0179,-0.5185]},{"type":"Feature","id":"PUSAT_PEMERINTAHAN_PT.100","geometry":{"type":"MultiPoint","coordinates":[[117.5727,-0.5119]]},"geometry_name":"geom","properties":{"id":63,"x":"117° 34' 21.827\"","y":"-0° 30' 42.981\"","ibukota":"Desa","label":"Tani Baru","p_keg":null,"fid_kode":2,"kode_prov":"64","kode_kab":"64.02","kode_kec":"64.02.04","kdepum":"6402042003","status":"DESA","namobj":"TANI BARU","kecamatan":"ANGGANA","sebutan_la":null,"keldesa_id":"6402042003"},"bbox":[117.5727,-0.5119,117.5727,-0.5119]},{"type":"Feature","id":"PUSAT_PEMERINTAHAN_PT.101","geometry":{"type":"MultiPoint","coordinates":[[117.0195,-0.511]]},"geometry_name":"geom","properties":{"id":65,"x":"117° 1' 10.308\"","y":"-0° 30' 39.655\"","ibukota":"Desa","label":"Loa Kulu Kota","p_keg":"Pusat Pelayanan Lingkungan","fid_kode":135,"kode_prov":"64","kode_kab":"64.02","kode_kec":"64.02.02","kdepum":"6402022006","status":"DESA","namobj":"PONORAGAN","kecamatan":"LOA KULU","sebutan_la":null,"keldesa_id":"6402022006"},"bbox":[117.0195,-0.511,117.0195,-0.511]},{"type":"Feature","id":"PUSAT_PEMERINTAHAN_PT.102","geometry":{"type":"MultiPoint","coordinates":[[116.4289,-0.5087]]},"geometry_name":"geom","properties":{"id":66,"x":"116° 25' 44.171\"","y":"-0° 30' 31.307\"","ibukota":"Desa","label":"Muara Leka","p_keg":null,"fid_kode":175,"kode_prov":"64","kode_kab":"64.02","kode_kec":"64.02.01","kdepum":"6402012002","status":"DESA","namobj":"MUARA LEKA","kecamatan":"MUARA MUNTAI","sebutan_la":null,"keldesa_id":"6402012002"},"bbox":[116.4289,-0.5087,116.4289,-0.5087]},{"type":"Feature","id":"PUSAT_PEMERINTAHAN_PT.103","geometry":{"type":"MultiPoint","coordinates":[[117.0116,-0.5071]]},"geometry_name":"geom","properties":{"id":67,"x":"117° 0' 41.679\"","y":"-0° 30' 25.597\"","ibukota":"Desa","label":"Ponoragan","p_keg":null,"fid_kode":135,"kode_prov":"64","kode_kab":"64.02","kode_kec":"64.02.02","kdepum":"6402022006","status":"DESA","namobj":"PONORAGAN","kecamatan":"LOA KULU","sebutan_la":null,"keldesa_id":"6402022006"},"bbox":[117.0116,-0.5071,117.0116,-0.5071]},{"type":"Feature","id":"PUSAT_PEMERINTAHAN_PT.104","geometry":{"type":"MultiPoint","coordinates":[[116.9994,-0.5065]]},"geometry_name":"geom","properties":{"id":68,"x":"116° 59' 57.695\"","y":"-0° 30' 23.220\"","ibukota":"Desa","label":"Sumber Sari","p_keg":null,"fid_kode":133,"kode_prov":"64","kode_kab":"64.02","kode_kec":"64.02.02","kdepum":"6402022014","status":"DESA","namobj":"SUMBER SARI","kecamatan":"LOA KULU","sebutan_la":null,"keldesa_id":"6402022014"},"bbox":[116.9994,-0.5065,116.9994,-0.5065]},{"type":"Feature","id":"PUSAT_PEMERINTAHAN_PT.105","geometry":{"type":"MultiPoint","coordinates":[[116.8437,-0.5019]]},"geometry_name":"geom","properties":{"id":69,"x":"116° 50' 37.358\"","y":"-0° 30' 6.857\"","ibukota":"Desa","label":"Margahayu","p_keg":null,"fid_kode":138,"kode_prov":"64","kode_kab":"64.02","kode_kec":"64.02.02","kdepum":"6402022008","status":"DESA","namobj":"MARGAHAYU","kecamatan":"LOA KULU","sebutan_la":null,"keldesa_id":"6402022008"},"bbox":[116.8437,-0.5019,116.8437,-0.5019]},{"type":"Feature","id":"PUSAT_PEMERINTAHAN_PT.106","geometry":{"type":"MultiPoint","coordinates":[[117.0113,-0.4707]]},"geometry_name":"geom","properties":{"id":70,"x":"117° 0' 40.798\"","y":"-0° 28' 14.613\"","ibukota":"Desa","label":"Rempanga","p_keg":null,"fid_kode":137,"kode_prov":"64","kode_kab":"64.02","kode_kec":"64.02.02","kdepum":"6402022007","status":"DESA","namobj":"REMPANGA","kecamatan":"LOA KULU","sebutan_la":null,"keldesa_id":"6402022007"},"bbox":[117.0113,-0.4707,117.0113,-0.4707]},{"type":"Feature","id":"PUSAT_PEMERINTAHAN_PT.107","geometry":{"type":"MultiPoint","coordinates":[[116.9926,-0.4672]]},"geometry_name":"geom","properties":{"id":71,"x":"116° 59' 33.456\"","y":"-0° 28' 1.741\"","ibukota":"Kelurahan","label":"Bukit Biru","p_keg":null,"fid_kode":11,"kode_prov":"64","kode_kab":"64.02","kode_kec":"64.02.06","kdepum":"6402061003","status":"KELURAHAN","namobj":"BUKIT BIRU","kecamatan":"TENGGARONG","sebutan_la":null,"keldesa_id":"6402061003"},"bbox":[116.9926,-0.4672,116.9926,-0.4672]},{"type":"Feature","id":"PUSAT_PEMERINTAHAN_PT.108","geometry":{"type":"MultiPoint","coordinates":[[116.9531,-0.4644]]},"geometry_name":"geom","properties":{"id":72,"x":"116° 57' 11.048\"","y":"-0° 27' 52.006\"","ibukota":"Kelurahan","label":"Jahab","p_keg":null,"fid_kode":125,"kode_prov":"64","kode_kab":"64.02","kode_kec":"64.02.06","kdepum":"6402061001","status":"KELURAHAN","namobj":"JAHAB","kecamatan":"TENGGARONG","sebutan_la":null,"keldesa_id":"6402061001"},"bbox":[116.9531,-0.4644,116.9531,-0.4644]},{"type":"Feature","id":"PUSAT_PEMERINTAHAN_PT.109","geometry":{"type":"MultiPoint","coordinates":[[117.0192,-0.4635]]},"geometry_name":"geom","properties":{"id":73,"x":"117° 1' 9.123\"","y":"-0° 27' 48.423\"","ibukota":"Desa","label":"Jongkang","p_keg":null,"fid_kode":139,"kode_prov":"64","kode_kab":"64.02","kode_kec":"64.02.02","kdepum":"6402022015","status":"DESA","namobj":"JONGKANG","kecamatan":"LOA KULU","sebutan_la":null,"keldesa_id":"6402022015"},"bbox":[117.0192,-0.4635,117.0192,-0.4635]},{"type":"Feature","id":"PUSAT_PEMERINTAHAN_PT.110","geometry":{"type":"MultiPoint","coordinates":[[116.8908,-0.457]]},"geometry_name":"geom","properties":{"id":74,"x":"116° 53' 26.830\"","y":"-0° 27' 25.203\"","ibukota":"Kelurahan","label":"Loa Ipuh Darat","p_keg":null,"fid_kode":208,"kode_prov":"64","kode_kab":"64.02","kode_kec":"64.02.06","kdepum":"6402061013","status":"KELURAHAN","namobj":"LOA IPUH DARAT","kecamatan":"TENGGARONG","sebutan_la":null,"keldesa_id":"6402061013"},"bbox":[116.8908,-0.457,116.8908,-0.457]},{"type":"Feature","id":"PUSAT_PEMERINTAHAN_PT.111","geometry":{"type":"MultiPoint","coordinates":[[117.0113,-0.4502]]},"geometry_name":"geom","properties":{"id":75,"x":"117° 0' 40.734\"","y":"-0° 27' 0.734\"","ibukota":"Desa","label":"Loah Lepu","p_keg":null,"fid_kode":46,"kode_prov":"64","kode_kab":"64.02","kode_kec":"64.02.16","kdepum":"6402162014","status":"DESA","namobj":"LOA LEPU","kecamatan":"TENGGARONG SEBERANG","sebutan_la":null,"keldesa_id":"6402162014"},"bbox":[117.0113,-0.4502,117.0113,-0.4502]},{"type":"Feature","id":"PUSAT_PEMERINTAHAN_PT.112","geometry":{"type":"MultiPoint","coordinates":[[116.5295,-0.4445]]},"geometry_name":"geom","properties":{"id":76,"x":"116° 31' 46.169\"","y":"-0° 26' 40.281\"","ibukota":"Desa","label":"Lebaq Cilong","p_keg":null,"fid_kode":36,"kode_prov":"64","kode_kab":"64.02","kode_kec":"64.02.18","kdepum":"6402182006","status":"DESA","namobj":"LEBAK CILONG","kecamatan":"MUARA WIS","sebutan_la":null,"keldesa_id":"6402182006"},"bbox":[116.5295,-0.4445,116.5295,-0.4445]},{"type":"Feature","id":"PUSAT_PEMERINTAHAN_PT.113","geometry":{"type":"MultiPoint","coordinates":[[117.0063,-0.4402]]},"geometry_name":"geom","properties":{"id":77,"x":"117° 0' 22.613\"","y":"-0° 26' 24.857\"","ibukota":"Desa","label":"Teluk Dalam","p_keg":null,"fid_kode":47,"kode_prov":"64","kode_kab":"64.02","kode_kec":"64.02.16","kdepum":"6402162013","status":"DESA","namobj":"TELUK DALAM","kecamatan":"TENGGARONG SEBERANG","sebutan_la":null,"keldesa_id":"6402162013"},"bbox":[117.0063,-0.4402,117.0063,-0.4402]},{"type":"Feature","id":"PUSAT_PEMERINTAHAN_PT.114","geometry":{"type":"MultiPoint","coordinates":[[116.9885,-0.4375]]},"geometry_name":"geom","properties":{"id":78,"x":"116° 59' 18.605\"","y":"-0° 26' 15.098\"","ibukota":"Kelurahan","label":"Timbau","p_keg":null,"fid_kode":129,"kode_prov":"64","kode_kab":"64.02","kode_kec":"64.02.06","kdepum":"6402061004","status":"KELURAHAN","namobj":"TIMBAU","kecamatan":"TENGGARONG","sebutan_la":null,"keldesa_id":"6402061004"},"bbox":[116.9885,-0.4375,116.9885,-0.4375]},{"type":"Feature","id":"PUSAT_PEMERINTAHAN_PT.115","geometry":{"type":"MultiPoint","coordinates":[[116.3516,-0.4313]]},"geometry_name":"geom","properties":{"id":79,"x":"116° 21' 5.708\"","y":"-0° 25' 52.601\"","ibukota":"Desa","label":"Muara Aloh","p_keg":null,"fid_kode":86,"kode_prov":"64","kode_kab":"64.02","kode_kec":"64.02.01","kdepum":"6402012003","status":"DESA","namobj":"MUARA ALOH","kecamatan":"MUARA MUNTAI","sebutan_la":null,"keldesa_id":"6402012003"},"bbox":[116.3516,-0.4313,116.3516,-0.4313]},{"type":"Feature","id":"PUSAT_PEMERINTAHAN_PT.116","geometry":{"type":"MultiPoint","coordinates":[[116.5051,-0.4252]]},"geometry_name":"geom","properties":{"id":80,"x":"116° 30' 18.471\"","y":"-0° 25' 30.898\"","ibukota":"Desa","label":"Lebaq Mantan","p_keg":null,"fid_kode":150,"kode_prov":"64","kode_kab":"64.02","kode_kec":"64.02.18","kdepum":"6402182005","status":"DESA","namobj":"LEBAK MANTAN","kecamatan":"MUARA WIS","sebutan_la":null,"keldesa_id":"6402182005"},"bbox":[116.5051,-0.4252,116.5051,-0.4252]},{"type":"Feature","id":"PUSAT_PEMERINTAHAN_PT.117","geometry":{"type":"MultiPoint","coordinates":[[116.9774,-0.4208]]},"geometry_name":"geom","properties":{"id":81,"x":"116° 58' 38.730\"","y":"-0° 25' 14.773\"","ibukota":"Kelurahan","label":"Loa Ipuh","p_keg":null,"fid_kode":128,"kode_prov":"64","kode_kab":"64.02","kode_kec":"64.02.06","kdepum":"6402061002","status":"KELURAHAN","namobj":"LOA IPUH","kecamatan":"TENGGARONG","sebutan_la":null,"keldesa_id":"6402061002"},"bbox":[116.9774,-0.4208,116.9774,-0.4208]},{"type":"Feature","id":"PUSAT_PEMERINTAHAN_PT.118","geometry":{"type":"MultiPoint","coordinates":[[116.9885,-0.4184]]},"geometry_name":"geom","properties":{"id":82,"x":"116° 59' 18.538\"","y":"-0° 25' 6.231\"","ibukota":"Kelurahan","label":"Melayu","p_keg":null,"fid_kode":126,"kode_prov":"64","kode_kab":"64.02","kode_kec":"64.02.06","kdepum":"6402061005","status":"KELURAHAN","namobj":"MELAYU","kecamatan":"TENGGARONG","sebutan_la":null,"keldesa_id":"6402061005"},"bbox":[116.9885,-0.4184,116.9885,-0.4184]},{"type":"Feature","id":"PUSAT_PEMERINTAHAN_PT.119","geometry":{"type":"MultiPoint","coordinates":[[116.6842,-0.4175]]},"geometry_name":"geom","properties":{"id":83,"x":"116° 41' 3.267\"","y":"-0° 25' 2.889\"","ibukota":"Dusun","label":"Ketapang","p_keg":null,"fid_kode":105,"kode_prov":"64","kode_kab":"64.02","kode_kec":"64.02.19","kdepum":"6402082001","status":"DESA","namobj":"KEDANG IPIL","kecamatan":"KOTA BANGUN DARAT","sebutan_la":null,"keldesa_id":"6402082001"},"bbox":[116.6842,-0.4175,116.6842,-0.4175]},{"type":"Feature","id":"PUSAT_PEMERINTAHAN_PT.120","geometry":{"type":"MultiPoint","coordinates":[[116.9613,-0.4165]]},"geometry_name":"geom","properties":{"id":84,"x":"116° 57' 40.763\"","y":"-0° 24' 59.547\"","ibukota":"Kelurahan","label":"Maluhu","p_keg":null,"fid_kode":127,"kode_prov":"64","kode_kab":"64.02","kode_kec":"64.02.06","kdepum":"6402061011","status":"KELURAHAN","namobj":"MALUHU","kecamatan":"TENGGARONG","sebutan_la":null,"keldesa_id":"6402061011"},"bbox":[116.9613,-0.4165,116.9613,-0.4165]},{"type":"Feature","id":"PUSAT_PEMERINTAHAN_PT.121","geometry":{"type":"MultiPoint","coordinates":[[116.2848,-0.4157]]},"geometry_name":"geom","properties":{"id":85,"x":"116° 17' 5.310\"","y":"-0° 24' 56.542\"","ibukota":"Desa","label":"Jantur Selatan","p_keg":"Pusat Pelayanan Lingkungan","fid_kode":87,"kode_prov":"64","kode_kab":"64.02","kode_kec":"64.02.01","kdepum":"6402012010","status":"DESA","namobj":"JANTUR SELATAN","kecamatan":"MUARA MUNTAI","sebutan_la":null,"keldesa_id":"6402012010"},"bbox":[116.2848,-0.4157,116.2848,-0.4157]},{"type":"Feature","id":"PUSAT_PEMERINTAHAN_PT.122","geometry":{"type":"MultiPoint","coordinates":[[116.289,-0.4152]]},"geometry_name":"geom","properties":{"id":86,"x":"116° 17' 20.506\"","y":"-0° 24' 54.871\"","ibukota":"Desa","label":"Jantur","p_keg":null,"fid_kode":168,"kode_prov":"64","kode_kab":"64.02","kode_kec":"64.02.01","kdepum":"6402012004","status":"DESA","namobj":"JANTUR BARU","kecamatan":"MUARA MUNTAI","sebutan_la":null,"keldesa_id":"6402012004"},"bbox":[116.289,-0.4152,116.289,-0.4152]},{"type":"Feature","id":"PUSAT_PEMERINTAHAN_PT.123","geometry":{"type":"MultiPoint","coordinates":[[117.0647,-0.4129]]},"geometry_name":"geom","properties":{"id":88,"x":"117° 3' 52.840\"","y":"-0° 24' 46.557\"","ibukota":"Desa","label":"Bukit Raya","p_keg":null,"fid_kode":45,"kode_prov":"64","kode_kab":"64.02","kode_kec":"64.02.16","kdepum":"6402162002","status":"DESA","namobj":"BUKIT RAYA","kecamatan":"TENGGARONG SEBERANG","sebutan_la":null,"keldesa_id":"6402162002"},"bbox":[117.0647,-0.4129,117.0647,-0.4129]},{"type":"Feature","id":"PUSAT_PEMERINTAHAN_PT.124","geometry":{"type":"MultiPoint","coordinates":[[116.6373,-0.4109]]},"geometry_name":"geom","properties":{"id":89,"x":"116° 38' 14.142\"","y":"-0° 24' 39.210\"","ibukota":"Desa","label":"Kedang Ipil","p_keg":null,"fid_kode":105,"kode_prov":"64","kode_kab":"64.02","kode_kec":"64.02.19","kdepum":"6402192001","status":"DESA","namobj":"KEDANG IPIL","kecamatan":"KOTA BANGUN DARAT","sebutan_la":null,"keldesa_id":"6402192001"},"bbox":[116.6373,-0.4109,116.6373,-0.4109]},{"type":"Feature","id":"PUSAT_PEMERINTAHAN_PT.125","geometry":{"type":"MultiPoint","coordinates":[[116.7003,-0.4108]]},"geometry_name":"geom","properties":{"id":90,"x":"116° 42' 0.975\"","y":"-0° 24' 39.054\"","ibukota":"Desa","label":"Benua Baru","p_keg":null,"fid_kode":8,"kode_prov":"64","kode_kab":"64.02","kode_kec":"64.02.08","kdepum":"6402192003","status":"DESA","namobj":"BENUA BARU","kecamatan":"KOTA BANGUN DARAT","sebutan_la":null,"keldesa_id":"6402192003"},"bbox":[116.7003,-0.4108,116.7003,-0.4108]},{"type":"Feature","id":"PUSAT_PEMERINTAHAN_PT.126","geometry":{"type":"MultiPoint","coordinates":[[116.9783,-0.4094]]},"geometry_name":"geom","properties":{"id":91,"x":"116° 58' 41.833\"","y":"-0° 24' 33.933\"","ibukota":"Kelurahan","label":"Panji","p_keg":null,"fid_kode":160,"kode_prov":"64","kode_kab":"64.02","kode_kec":"64.02.06","kdepum":"6402061006","status":"KELURAHAN","namobj":"PANJI","kecamatan":"TENGGARONG","sebutan_la":null,"keldesa_id":"6402061006"},"bbox":[116.9783,-0.4094,116.9783,-0.4094]},{"type":"Feature","id":"PUSAT_PEMERINTAHAN_PT.127","geometry":{"type":"MultiPoint","coordinates":[[116.9988,-0.4093]]},"geometry_name":"geom","properties":{"id":92,"x":"116° 59' 55.686\"","y":"-0° 24' 33.580\"","ibukota":"Desa","label":"Perjiwa","p_keg":null,"fid_kode":49,"kode_prov":"64","kode_kab":"64.02","kode_kec":"64.02.16","kdepum":"6402162012","status":"DESA","namobj":"PERJIWA","kecamatan":"TENGGARONG SEBERANG","sebutan_la":null,"keldesa_id":"6402162012"},"bbox":[116.9988,-0.4093,116.9988,-0.4093]},{"type":"Feature","id":"PUSAT_PEMERINTAHAN_PT.128","geometry":{"type":"MultiPoint","coordinates":[[116.9854,-0.39]]},"geometry_name":"geom","properties":{"id":101,"x":"116° 59' 7.614\"","y":"-0° 23' 23.838\"","ibukota":"Kelurahan","label":"Mangkurawang","p_keg":null,"fid_kode":162,"kode_prov":"64","kode_kab":"64.02","kode_kec":"64.02.06","kdepum":"6402061010","status":"KELURAHAN","namobj":"MANGKURAWANG","kecamatan":"TENGGARONG","sebutan_la":null,"keldesa_id":"6402061010"},"bbox":[116.9854,-0.39,116.9854,-0.39]},{"type":"Feature","id":"PUSAT_PEMERINTAHAN_PT.129","geometry":{"type":"MultiPoint","coordinates":[[116.9947,-0.3888]]},"geometry_name":"geom","properties":{"id":102,"x":"116° 59' 41.087\"","y":"-0° 23' 19.611\"","ibukota":"Desa","label":"Loah Raya","p_keg":null,"fid_kode":51,"kode_prov":"64","kode_kab":"64.02","kode_kec":"64.02.16","kdepum":"6402162011","status":"DESA","namobj":"LOA RAYA","kecamatan":"TENGGARONG SEBERANG","sebutan_la":null,"keldesa_id":"6402162011"},"bbox":[116.9947,-0.3888,116.9947,-0.3888]},{"type":"Feature","id":"PUSAT_PEMERINTAHAN_PT.130","geometry":{"type":"MultiPoint","coordinates":[[117.0551,-0.3801]]},"geometry_name":"geom","properties":{"id":104,"x":"117° 3' 18.451\"","y":"-0° 22' 48.466\"","ibukota":"Desa","label":"Tanjung Batu","p_keg":null,"fid_kode":48,"kode_prov":"64","kode_kab":"64.02","kode_kec":"64.02.16","kdepum":"6402162018","status":"DESA","namobj":"TANJUNG BATU","kecamatan":"TENGGARONG SEBERANG","sebutan_la":null,"keldesa_id":"6402162018"},"bbox":[117.0551,-0.3801,117.0551,-0.3801]},{"type":"Feature","id":"PUSAT_PEMERINTAHAN_PT.131","geometry":{"type":"MultiPoint","coordinates":[[117.1089,-0.3793]]},"geometry_name":"geom","properties":{"id":106,"x":"117° 6' 32.000\"","y":"-0° 22' 45.391\"","ibukota":"Desa","label":"Manunggal Jaya","p_keg":null,"fid_kode":44,"kode_prov":"64","kode_kab":"64.02","kode_kec":"64.02.16","kdepum":"6402162001","status":"DESA","namobj":"MANUNGGAL JAYA","kecamatan":"TENGGARONG SEBERANG","sebutan_la":null,"keldesa_id":"6402162001"},"bbox":[117.1089,-0.3793,117.1089,-0.3793]},{"type":"Feature","id":"PUSAT_PEMERINTAHAN_PT.132","geometry":{"type":"MultiPoint","coordinates":[[116.9923,-0.3785]]},"geometry_name":"geom","properties":{"id":107,"x":"116° 59' 32.328\"","y":"-0° 22' 42.627\"","ibukota":"Desa","label":"Loah Pari","p_keg":null,"fid_kode":50,"kode_prov":"64","kode_kab":"64.02","kode_kec":"64.02.16","kdepum":"6402162016","status":"DESA","namobj":"LOA PARI","kecamatan":"TENGGARONG SEBERANG","sebutan_la":null,"keldesa_id":"6402162016"},"bbox":[116.9923,-0.3785,116.9923,-0.3785]},{"type":"Feature","id":"PUSAT_PEMERINTAHAN_PT.133","geometry":{"type":"MultiPoint","coordinates":[[117.4336,-0.3754]]},"geometry_name":"geom","properties":{"id":108,"x":"117° 26' 0.971\"","y":"-0° 22' 31.516\"","ibukota":"Desa","label":"Salok Palai","p_keg":null,"fid_kode":231,"kode_prov":"64","kode_kab":"64.02","kode_kec":"64.02.05","kdepum":"6402052002","status":"DESA","namobj":"SALO PALAI","kecamatan":"MUARA BADAK","sebutan_la":null,"keldesa_id":"6402052002"},"bbox":[117.4336,-0.3754,117.4336,-0.3754]},{"type":"Feature","id":"PUSAT_PEMERINTAHAN_PT.134","geometry":{"type":"MultiPoint","coordinates":[[116.9147,-0.3715]]},"geometry_name":"geom","properties":{"id":109,"x":"116° 54' 52.845\"","y":"-0° 22' 17.557\"","ibukota":"Desa","label":"Bendang Raya","p_keg":null,"fid_kode":130,"kode_prov":"64","kode_kab":"64.02","kode_kec":"64.02.06","kdepum":"6402062014","status":"DESA","namobj":"BENDANG RAYA","kecamatan":"TENGGARONG","sebutan_la":null,"keldesa_id":"6402062014"},"bbox":[116.9147,-0.3715,116.9147,-0.3715]},{"type":"Feature","id":"PUSAT_PEMERINTAHAN_PT.135","geometry":{"type":"MultiPoint","coordinates":[[116.7411,-0.3697]]},"geometry_name":"geom","properties":{"id":110,"x":"116° 44' 28.000\"","y":"-0° 22' 11.004\"","ibukota":"Desa","label":"Lebaho Ulak","p_keg":null,"fid_kode":223,"kode_prov":"64","kode_kab":"64.02","kode_kec":"64.02.11","kdepum":"6402112016","status":"DESA","namobj":"LEBAHO ULAK","kecamatan":"MUARA KAMAN","sebutan_la":null,"keldesa_id":"6402112016"},"bbox":[116.7411,-0.3697,116.7411,-0.3697]},{"type":"Feature","id":"PUSAT_PEMERINTAHAN_PT.136","geometry":{"type":"MultiPoint","coordinates":[[117.0057,-0.3604]]},"geometry_name":"geom","properties":{"id":113,"x":"117° 0' 20.667\"","y":"-0° 21' 37.417\"","ibukota":"Desa","label":"Loah Ulung","p_keg":null,"fid_kode":53,"kode_prov":"64","kode_kab":"64.02","kode_kec":"64.02.16","kdepum":"6402162010","status":"DESA","namobj":"LOA ULUNG","kecamatan":"TENGGARONG SEBERANG","sebutan_la":null,"keldesa_id":"6402162010"},"bbox":[117.0057,-0.3604,117.0057,-0.3604]},{"type":"Feature","id":"PUSAT_PEMERINTAHAN_PT.137","geometry":{"type":"MultiPoint","coordinates":[[116.3979,-0.3585]]},"geometry_name":"geom","properties":{"id":114,"x":"116° 23' 52.528\"","y":"-0° 21' 30.622\"","ibukota":"Desa","label":"Muara Muntai Ilir","p_keg":null,"fid_kode":88,"kode_prov":"64","kode_kab":"64.02","kode_kec":"64.02.01","kdepum":"6402012008","status":"DESA","namobj":"MUARA MUNTAI ILIR","kecamatan":"MUARA MUNTAI","sebutan_la":null,"keldesa_id":"6402012008"},"bbox":[116.3979,-0.3585,116.3979,-0.3585]},{"type":"Feature","id":"PUSAT_PEMERINTAHAN_PT.138","geometry":{"type":"MultiPoint","coordinates":[[116.4017,-0.3555]]},"geometry_name":"geom","properties":{"id":115,"x":"116° 24' 6.011\"","y":"-0° 21' 19.942\"","ibukota":"Desa","label":"Kayu Batu","p_keg":null,"fid_kode":91,"kode_prov":"64","kode_kab":"64.02","kode_kec":"64.02.01","kdepum":"6402012009","status":"DESA","namobj":"KAYU BATU","kecamatan":"MUARA MUNTAI","sebutan_la":null,"keldesa_id":"6402012009"},"bbox":[116.4017,-0.3555,116.4017,-0.3555]},{"type":"Feature","id":"PUSAT_PEMERINTAHAN_PT.139","geometry":{"type":"MultiPoint","coordinates":[[116.3875,-0.3555]]},"geometry_name":"geom","properties":{"id":116,"x":"116° 23' 14.939\"","y":"-0° 21' 19.869\"","ibukota":"Desa","label":"Muara Muntai Ulu","p_keg":"Pusat Pelayanan Lingkungan","fid_kode":93,"kode_prov":"64","kode_kab":"64.02","kode_kec":"64.02.01","kdepum":"6402012007","status":"DESA","namobj":"MUARA MUNTAI ULU","kecamatan":"MUARA MUNTAI","sebutan_la":null,"keldesa_id":"6402012007"},"bbox":[116.3875,-0.3555,116.3875,-0.3555]},{"type":"Feature","id":"PUSAT_PEMERINTAHAN_PT.140","geometry":{"type":"MultiPoint","coordinates":[[117.1083,-0.3547]]},"geometry_name":"geom","properties":{"id":117,"x":"117° 6' 29.862\"","y":"-0° 21' 16.979\"","ibukota":"Desa","label":"Bangun Rejo","p_keg":"Pusat Pelayanan Lingkungan","fid_kode":42,"kode_prov":"64","kode_kab":"64.02","kode_kec":"64.02.16","kdepum":"6402162004","status":"DESA","namobj":"BANGUN REJO","kecamatan":"TENGGARONG SEBERANG","sebutan_la":null,"keldesa_id":"6402162004"},"bbox":[117.1083,-0.3547,117.1083,-0.3547]},{"type":"Feature","id":"PUSAT_PEMERINTAHAN_PT.141","geometry":{"type":"MultiPoint","coordinates":[[116.3238,-0.3542]]},"geometry_name":"geom","properties":{"id":118,"x":"116° 19' 25.552\"","y":"-0° 21' 15.121\"","ibukota":"Desa","label":"Batuq","p_keg":null,"fid_kode":90,"kode_prov":"64","kode_kab":"64.02","kode_kec":"64.02.01","kdepum":"6402012005","status":"DESA","namobj":"BATUQ","kecamatan":"MUARA MUNTAI","sebutan_la":null,"keldesa_id":"6402012005"},"bbox":[116.3238,-0.3542,116.3238,-0.3542]},{"type":"Feature","id":"PUSAT_PEMERINTAHAN_PT.142","geometry":{"type":"MultiPoint","coordinates":[[117.4347,-0.3522]]},"geometry_name":"geom","properties":{"id":119,"x":"117° 26' 5.017\"","y":"-0° 21' 8.076\"","ibukota":"Desa","label":"Muara Badak Ulu","p_keg":null,"fid_kode":97,"kode_prov":"64","kode_kab":"64.02","kode_kec":"64.02.05","kdepum":"6402052003","status":"DESA","namobj":"MUARA BADAK ULU","kecamatan":"MUARA BADAK","sebutan_la":null,"keldesa_id":"6402052003"},"bbox":[117.4347,-0.3522,117.4347,-0.3522]},{"type":"Feature","id":"PUSAT_PEMERINTAHAN_PT.143","geometry":{"type":"MultiPoint","coordinates":[[117.0082,-0.3505]]},"geometry_name":"geom","properties":{"id":121,"x":"117° 0' 29.640\"","y":"-0° 21' 1.650\"","ibukota":"Kelurahan","label":"Loa Tebu","p_keg":null,"fid_kode":210,"kode_prov":"64","kode_kab":"64.02","kode_kec":"64.02.06","kdepum":"6402061009","status":"KELURAHAN","namobj":"LOA TEBU","kecamatan":"TENGGARONG","sebutan_la":null,"keldesa_id":"6402061009"},"bbox":[117.0082,-0.3505,117.0082,-0.3505]},{"type":"Feature","id":"PUSAT_PEMERINTAHAN_PT.144","geometry":{"type":"MultiPoint","coordinates":[[117.2459,-0.3502]]},"geometry_name":"geom","properties":{"id":122,"x":"117° 14' 45.326\"","y":"-0° 21' 0.838\"","ibukota":"Desa","label":"Sungai Bawang","p_keg":null,"fid_kode":98,"kode_prov":"64","kode_kab":"64.02","kode_kec":"64.02.05","kdepum":"6402052013","status":"DESA","namobj":"SUNGAI BAWANG","kecamatan":"MUARA BADAK","sebutan_la":null,"keldesa_id":"6402052013"},"bbox":[117.2459,-0.3502,117.2459,-0.3502]},{"type":"Feature","id":"PUSAT_PEMERINTAHAN_PT.145","geometry":{"type":"MultiPoint","coordinates":[[117.4346,-0.3498]]},"geometry_name":"geom","properties":{"id":123,"x":"117° 26' 4.711\"","y":"-0° 20' 59.141\"","ibukota":"Desa","label":"Muara Badak Ilir","p_keg":null,"fid_kode":96,"kode_prov":"64","kode_kab":"64.02","kode_kec":"64.02.05","kdepum":"6402052004","status":"DESA","namobj":"MUARA BADAK ILIR","kecamatan":"MUARA BADAK","sebutan_la":null,"keldesa_id":"6402052004"},"bbox":[117.4346,-0.3498,117.4346,-0.3498]},{"type":"Feature","id":"PUSAT_PEMERINTAHAN_PT.146","geometry":{"type":"MultiPoint","coordinates":[[116.3808,-0.347]]},"geometry_name":"geom","properties":{"id":124,"x":"116° 22' 50.791\"","y":"-0° 20' 49.230\"","ibukota":"Desa","label":"Rebak Rinding","p_keg":null,"fid_kode":92,"kode_prov":"64","kode_kab":"64.02","kode_kec":"64.02.01","kdepum":"6402012006","status":"DESA","namobj":"REBAQ RINDING","kecamatan":"MUARA MUNTAI","sebutan_la":null,"keldesa_id":"6402012006"},"bbox":[116.3808,-0.347,116.3808,-0.347]},{"type":"Feature","id":"PUSAT_PEMERINTAHAN_PT.147","geometry":{"type":"MultiPoint","coordinates":[[117.2836,-0.3393]]},"geometry_name":"geom","properties":{"id":125,"x":"117° 17' 1.041\"","y":"-0° 20' 21.392\"","ibukota":"Desa","label":"Tanah Datar","p_keg":null,"fid_kode":99,"kode_prov":"64","kode_kab":"64.02","kode_kec":"64.02.05","kdepum":"6402052006","status":"DESA","namobj":"TANAH DATAR","kecamatan":"MUARA BADAK","sebutan_la":null,"keldesa_id":"6402052006"},"bbox":[117.2836,-0.3393,117.2836,-0.3393]},{"type":"Feature","id":"PUSAT_PEMERINTAHAN_PT.148","geometry":{"type":"MultiPoint","coordinates":[[116.9513,-0.3369]]},"geometry_name":"geom","properties":{"id":126,"x":"116° 57' 4.616\"","y":"-0° 20' 12.709\"","ibukota":"Desa","label":"Rapak Lambur","p_keg":null,"fid_kode":132,"kode_prov":"64","kode_kab":"64.02","kode_kec":"64.02.06","kdepum":"6402062012","status":"DESA","namobj":"RAPAK LAMBUR","kecamatan":"TENGGARONG","sebutan_la":null,"keldesa_id":"6402062012"},"bbox":[116.9513,-0.3369,116.9513,-0.3369]},{"type":"Feature","id":"PUSAT_PEMERINTAHAN_PT.149","geometry":{"type":"MultiPoint","coordinates":[[116.3215,-0.3321]]},"geometry_name":"geom","properties":{"id":127,"x":"116° 19' 17.512\"","y":"-0° 19' 55.617\"","ibukota":"Desa","label":"Tanjung Batuq Harapan","p_keg":null,"fid_kode":94,"kode_prov":"64","kode_kab":"64.02","kode_kec":"64.02.01","kdepum":"6402012011","status":"DESA","namobj":"TANJUNG BATUQ HARAPAN","kecamatan":"MUARA MUNTAI","sebutan_la":null,"keldesa_id":"6402012011"},"bbox":[116.3215,-0.3321,116.3215,-0.3321]},{"type":"Feature","id":"PUSAT_PEMERINTAHAN_PT.150","geometry":{"type":"MultiPoint","coordinates":[[117.0819,-0.3304]]},"geometry_name":"geom","properties":{"id":128,"x":"117° 4' 54.805\"","y":"-0° 19' 49.384\"","ibukota":"Desa","label":"Embalut","p_keg":null,"fid_kode":213,"kode_prov":"64","kode_kab":"64.02","kode_kec":"64.02.16","kdepum":"6402162003","status":"DESA","namobj":"EMBALUT","kecamatan":"TENGGARONG SEBERANG","sebutan_la":null,"keldesa_id":"6402162003"},"bbox":[117.0819,-0.3304,117.0819,-0.3304]},{"type":"Feature","id":"PUSAT_PEMERINTAHAN_PT.151","geometry":{"type":"MultiPoint","coordinates":[[117.433,-0.3293]]},"geometry_name":"geom","properties":{"id":129,"x":"117° 25' 58.710\"","y":"-0° 19' 45.580\"","ibukota":"Desa","label":"Gas Alam Badak Satu","p_keg":null,"fid_kode":103,"kode_prov":"64","kode_kab":"64.02","kode_kec":"64.02.05","kdepum":"6402052010","status":"DESA","namobj":"GAS ALAM BADAK SATU","kecamatan":"MUARA BADAK","sebutan_la":null,"keldesa_id":"6402052010"},"bbox":[117.433,-0.3293,117.433,-0.3293]},{"type":"Feature","id":"PUSAT_PEMERINTAHAN_PT.152","geometry":{"type":"MultiPoint","coordinates":[[116.8078,-0.3253]]},"geometry_name":"geom","properties":{"id":130,"x":"116° 48' 28.221\"","y":"-0° 19' 30.937\"","ibukota":"Desa","label":"Selerong","p_keg":null,"fid_kode":205,"kode_prov":"64","kode_kab":"64.02","kode_kec":"64.02.07","kdepum":"6402072001","status":"DESA","namobj":"SELERONG","kecamatan":"SEBULU","sebutan_la":null,"keldesa_id":"6402072001"},"bbox":[116.8078,-0.3253,116.8078,-0.3253]},{"type":"Feature","id":"PUSAT_PEMERINTAHAN_PT.153","geometry":{"type":"MultiPoint","coordinates":[[117.3698,-0.325]]},"geometry_name":"geom","properties":{"id":131,"x":"117° 22' 11.356\"","y":"-0° 19' 29.952\"","ibukota":"Desa","label":"Batu Batu","p_keg":null,"fid_kode":101,"kode_prov":"64","kode_kab":"64.02","kode_kec":"64.02.05","kdepum":"6402052011","status":"DESA","namobj":"BATU BATU","kecamatan":"MUARA BADAK","sebutan_la":null,"keldesa_id":"6402052011"},"bbox":[117.3698,-0.325,117.3698,-0.325]},{"type":"Feature","id":"PUSAT_PEMERINTAHAN_PT.154","geometry":{"type":"MultiPoint","coordinates":[[116.8429,-0.3242]]},"geometry_name":"geom","properties":{"id":133,"x":"116° 50' 34.321\"","y":"-0° 19' 27.078\"","ibukota":"Desa","label":"Senoni","p_keg":null,"fid_kode":207,"kode_prov":"64","kode_kab":"64.02","kode_kec":"64.02.07","kdepum":"6402072012","status":"DESA","namobj":"SANGGULAN","kecamatan":"SEBULU","sebutan_la":null,"keldesa_id":"6402072012"},"bbox":[116.8429,-0.3242,116.8429,-0.3242]},{"type":"Feature","id":"PUSAT_PEMERINTAHAN_PT.155","geometry":{"type":"MultiPoint","coordinates":[[116.8558,-0.3225]]},"geometry_name":"geom","properties":{"id":134,"x":"116° 51' 20.981\"","y":"-0° 19' 21.166\"","ibukota":"Desa","label":"Sanggulan","p_keg":null,"fid_kode":207,"kode_prov":"64","kode_kab":"64.02","kode_kec":"64.02.07","kdepum":"6402072012","status":"DESA","namobj":"SANGGULAN","kecamatan":"SEBULU","sebutan_la":null,"keldesa_id":"6402072012"},"bbox":[116.8558,-0.3225,116.8558,-0.3225]},{"type":"Feature","id":"PUSAT_PEMERINTAHAN_PT.156","geometry":{"type":"MultiPoint","coordinates":[[116.8667,-0.3199]]},"geometry_name":"geom","properties":{"id":135,"x":"116° 52' 0.297\"","y":"-0° 19' 11.518\"","ibukota":"Desa","label":"Tanjung Harapan","p_keg":null,"fid_kode":204,"kode_prov":"64","kode_kab":"64.02","kode_kec":"64.02.07","kdepum":"6402072002","status":"DESA","namobj":"TANJUNG HARAPAN","kecamatan":"SEBULU","sebutan_la":null,"keldesa_id":"6402072002"},"bbox":[116.8667,-0.3199,116.8667,-0.3199]},{"type":"Feature","id":"PUSAT_PEMERINTAHAN_PT.157","geometry":{"type":"MultiPoint","coordinates":[[116.659,-0.3169]]},"geometry_name":"geom","properties":{"id":139,"x":"116° 39' 32.262\"","y":"-0° 19' 0.685\"","ibukota":"Desa","label":"Sumber Sari","p_keg":null,"fid_kode":109,"kode_prov":"64","kode_kab":"64.02","kode_kec":"64.02.19","kdepum":"6402192007","status":"DESA","namobj":"SUMBER SARI","kecamatan":"KOTA BANGUN DARAT","sebutan_la":null,"keldesa_id":"6402192007"},"bbox":[116.659,-0.3169,116.659,-0.3169]},{"type":"Feature","id":"PUSAT_PEMERINTAHAN_PT.158","geometry":{"type":"MultiPoint","coordinates":[[117.065,-0.3104]]},"geometry_name":"geom","properties":{"id":141,"x":"117° 3' 54.138\"","y":"-0° 18' 37.362\"","ibukota":"Desa","label":"Separi","p_keg":null,"fid_kode":212,"kode_prov":"64","kode_kab":"64.02","kode_kec":"64.02.16","kdepum":"6402162006","status":"DESA","namobj":"SEPARI","kecamatan":"TENGGARONG SEBERANG","sebutan_la":null,"keldesa_id":"6402162006"},"bbox":[117.065,-0.3104,117.065,-0.3104]},{"type":"Feature","id":"PUSAT_PEMERINTAHAN_PT.159","geometry":{"type":"MultiPoint","coordinates":[[116.8169,-0.309]]},"geometry_name":"geom","properties":{"id":142,"x":"116° 49' 0.841\"","y":"-0° 18' 32.335\"","ibukota":"Desa","label":"Lekaq Kidau","p_keg":null,"fid_kode":203,"kode_prov":"64","kode_kab":"64.02","kode_kec":"64.02.07","kdepum":"6402072013","status":"DESA","namobj":"LEKAQ KIDAU","kecamatan":"SEBULU","sebutan_la":null,"keldesa_id":"6402072013"},"bbox":[116.8169,-0.309,116.8169,-0.309]},{"type":"Feature","id":"PUSAT_PEMERINTAHAN_PT.160","geometry":{"type":"MultiPoint","coordinates":[[117.1025,-0.3046]]},"geometry_name":"geom","properties":{"id":143,"x":"117° 6' 9.099\"","y":"-0° 18' 16.599\"","ibukota":"Desa","label":"Kertabuana","p_keg":null,"fid_kode":54,"kode_prov":"64","kode_kab":"64.02","kode_kec":"64.02.16","kdepum":"6402162005","status":"DESA","namobj":"KARTA BUANA","kecamatan":"TENGGARONG SEBERANG","sebutan_la":null,"keldesa_id":"6402162005"},"bbox":[117.1025,-0.3046,117.1025,-0.3046]},{"type":"Feature","id":"PUSAT_PEMERINTAHAN_PT.161","geometry":{"type":"MultiPoint","coordinates":[[117.2641,-0.3039]]},"geometry_name":"geom","properties":{"id":144,"x":"117° 15' 50.783\"","y":"-0° 18' 14.035\"","ibukota":"Desa","label":"Badak Mekar","p_keg":null,"fid_kode":102,"kode_prov":"64","kode_kab":"64.02","kode_kec":"64.02.05","kdepum":"6402052009","status":"DESA","namobj":"BADAK MEKAR","kecamatan":"MUARA BADAK","sebutan_la":null,"keldesa_id":"6402052009"},"bbox":[117.2641,-0.3039,117.2641,-0.3039]},{"type":"Feature","id":"PUSAT_PEMERINTAHAN_PT.162","geometry":{"type":"MultiPoint","coordinates":[[117.4393,-0.302]]},"geometry_name":"geom","properties":{"id":145,"x":"117° 26' 21.432\"","y":"-0° 18' 7.118\"","ibukota":"Desa","label":"Tanjung Limau","p_keg":null,"fid_kode":169,"kode_prov":"64","kode_kab":"64.02","kode_kec":"64.02.05","kdepum":"6402052005","status":"DESA","namobj":"TANJUNG LIMAU","kecamatan":"MUARA BADAK","sebutan_la":null,"keldesa_id":"6402052005"},"bbox":[117.4393,-0.302,117.4393,-0.302]},{"type":"Feature","id":"PUSAT_PEMERINTAHAN_PT.163","geometry":{"type":"MultiPoint","coordinates":[[117.02,-0.3001]]},"geometry_name":"geom","properties":{"id":146,"x":"117° 1' 12.065\"","y":"-0° 18' 0.312\"","ibukota":"Desa","label":"Segihan","p_keg":null,"fid_kode":211,"kode_prov":"64","kode_kab":"64.02","kode_kec":"64.02.07","kdepum":"6402072006","status":"DESA","namobj":"SEGIHAN","kecamatan":"SEBULU","sebutan_la":null,"keldesa_id":"6402072006"},"bbox":[117.02,-0.3001,117.02,-0.3001]},{"type":"Feature","id":"PUSAT_PEMERINTAHAN_PT.164","geometry":{"type":"MultiPoint","coordinates":[[116.4601,-0.2961]]},"geometry_name":"geom","properties":{"id":147,"x":"116° 27' 36.253\"","y":"-0° 17' 45.918\"","ibukota":"Desa","label":"Sebemban","p_keg":null,"fid_kode":187,"kode_prov":"64","kode_kab":"64.02","kode_kec":"64.02.18","kdepum":"6402182002","status":"DESA","namobj":"SEBEMBAN","kecamatan":"MUARA WIS","sebutan_la":null,"keldesa_id":"6402182002"},"bbox":[116.4601,-0.2961,116.4601,-0.2961]},{"type":"Feature","id":"PUSAT_PEMERINTAHAN_PT.165","geometry":{"type":"MultiPoint","coordinates":[[116.8355,-0.292]]},"geometry_name":"geom","properties":{"id":148,"x":"116° 50' 7.950\"","y":"-0° 17' 31.071\"","ibukota":"Desa","label":"Teratak","p_keg":null,"fid_kode":183,"kode_prov":"64","kode_kab":"64.02","kode_kec":"64.02.11","kdepum":"6402112003","status":"DESA","namobj":"TERATAK","kecamatan":"MUARA KAMAN","sebutan_la":null,"keldesa_id":"6402112003"},"bbox":[116.8355,-0.292,116.8355,-0.292]},{"type":"Feature","id":"PUSAT_PEMERINTAHAN_PT.166","geometry":{"type":"MultiPoint","coordinates":[[116.9827,-0.2894]]},"geometry_name":"geom","properties":{"id":149,"x":"116° 58' 57.584\"","y":"-0° 17' 21.924\"","ibukota":"Desa","label":"Sebulu Moderen","p_keg":null,"fid_kode":118,"kode_prov":"64","kode_kab":"64.02","kode_kec":"64.02.07","kdepum":"6402072011","status":"DESA","namobj":"SEBULU MODERN","kecamatan":"SEBULU","sebutan_la":null,"keldesa_id":"6402072011"},"bbox":[116.9827,-0.2894,116.9827,-0.2894]},{"type":"Feature","id":"PUSAT_PEMERINTAHAN_PT.167","geometry":{"type":"MultiPoint","coordinates":[[116.5929,-0.2846]]},"geometry_name":"geom","properties":{"id":150,"x":"116° 35' 34.423\"","y":"-0° 17' 4.635\"","ibukota":"Desa","label":"Kedang Murung","p_keg":null,"fid_kode":230,"kode_prov":"64","kode_kab":"64.02","kode_kec":"64.02.08","kdepum":"6402082017","status":"DESA","namobj":"KEDANG MURUNG","kecamatan":"KOTA BANGUN","sebutan_la":null,"keldesa_id":"6402082017"},"bbox":[116.5929,-0.2846,116.5929,-0.2846]},{"type":"Feature","id":"PUSAT_PEMERINTAHAN_PT.168","geometry":{"type":"MultiPoint","coordinates":[[116.4054,-0.2824]]},"geometry_name":"geom","properties":{"id":151,"x":"116° 24' 19.356\"","y":"-0° 16' 56.771\"","ibukota":"Desa","label":"Melintang","p_keg":"Pusat Pelayanan Lingkungan","fid_kode":152,"kode_prov":"64","kode_kab":"64.02","kode_kec":"64.02.18","kdepum":"6402182003","status":"DESA","namobj":"MELINTANG","kecamatan":"MUARA WIS","sebutan_la":null,"keldesa_id":"6402182003"},"bbox":[116.4054,-0.2824,116.4054,-0.2824]},{"type":"Feature","id":"PUSAT_PEMERINTAHAN_PT.169","geometry":{"type":"MultiPoint","coordinates":[[116.8,-0.2812]]},"geometry_name":"geom","properties":{"id":152,"x":"116° 47' 59.850\"","y":"-0° 16' 52.384\"","ibukota":"Desa","label":"Benua Puhun","p_keg":null,"fid_kode":178,"kode_prov":"64","kode_kab":"64.02","kode_kec":"64.02.11","kdepum":"6402112004","status":"DESA","namobj":"BENUA PUHUN","kecamatan":"MUARA KAMAN","sebutan_la":null,"keldesa_id":"6402112004"},"bbox":[116.8,-0.2812,116.8,-0.2812]},{"type":"Feature","id":"PUSAT_PEMERINTAHAN_PT.170","geometry":{"type":"MultiPoint","coordinates":[[116.5909,-0.2788]]},"geometry_name":"geom","properties":{"id":153,"x":"116° 35' 27.318\"","y":"-0° 16' 43.627\"","ibukota":"Desa","label":"Kotabangun Seberang","p_keg":null,"fid_kode":111,"kode_prov":"64","kode_kab":"64.02","kode_kec":"64.02.08","kdepum":"6402082018","status":"DESA","namobj":"KOTA BANGUN SEBERANG","kecamatan":"KOTA BANGUN","sebutan_la":null,"keldesa_id":"6402082018"},"bbox":[116.5909,-0.2788,116.5909,-0.2788]},{"type":"Feature","id":"PUSAT_PEMERINTAHAN_PT.171","geometry":{"type":"MultiPoint","coordinates":[[116.9914,-0.2773]]},"geometry_name":"geom","properties":{"id":154,"x":"116° 59' 29.110\"","y":"-0° 16' 38.317\"","ibukota":"Desa","label":"Sebulu Ulu","p_keg":"Pusat Pelayanan Lingkungan","fid_kode":116,"kode_prov":"64","kode_kab":"64.02","kode_kec":"64.02.07","kdepum":"6402072004","status":"DESA","namobj":"SEBULU ULU","kecamatan":"SEBULU","sebutan_la":null,"keldesa_id":"6402072004"},"bbox":[116.9914,-0.2773,116.9914,-0.2773]},{"type":"Feature","id":"PUSAT_PEMERINTAHAN_PT.172","geometry":{"type":"MultiPoint","coordinates":[[117.009,-0.2744]]},"geometry_name":"geom","properties":{"id":155,"x":"117° 0' 32.283\"","y":"-0° 16' 27.832\"","ibukota":"Desa","label":"Sebulu Ilir","p_keg":null,"fid_kode":117,"kode_prov":"64","kode_kab":"64.02","kode_kec":"64.02.07","kdepum":"6402072005","status":"DESA","namobj":"SEBULU ILIR","kecamatan":"SEBULU","sebutan_la":null,"keldesa_id":"6402072005"},"bbox":[117.009,-0.2744,117.009,-0.2744]},{"type":"Feature","id":"PUSAT_PEMERINTAHAN_PT.173","geometry":{"type":"MultiPoint","coordinates":[[117.1181,-0.269]]},"geometry_name":"geom","properties":{"id":157,"x":"117° 7' 5.224\"","y":"-0° 16' 8.451\"","ibukota":"Desa","label":"Bukit Pariaman","p_keg":null,"fid_kode":189,"kode_prov":"64","kode_kab":"64.02","kode_kec":"64.02.16","kdepum":"6402162007","status":"DESA","namobj":"BUKIT PARIAMAN","kecamatan":"TENGGARONG SEBERANG","sebutan_la":null,"keldesa_id":"6402162007"},"bbox":[117.1181,-0.269,117.1181,-0.269]},{"type":"Feature","id":"PUSAT_PEMERINTAHAN_PT.174","geometry":{"type":"MultiPoint","coordinates":[[116.6534,-0.2684]]},"geometry_name":"geom","properties":{"id":158,"x":"116° 39' 12.271\"","y":"-0° 16' 6.331\"","ibukota":"Desa","label":"Loleng","p_keg":null,"fid_kode":224,"kode_prov":"64","kode_kab":"64.02","kode_kec":"64.02.08","kdepum":"6402082004","status":"DESA","namobj":"LOLENG","kecamatan":"KOTA BANGUN","sebutan_la":null,"keldesa_id":"6402082004"},"bbox":[116.6534,-0.2684,116.6534,-0.2684]},{"type":"Feature","id":"PUSAT_PEMERINTAHAN_PT.175","geometry":{"type":"MultiPoint","coordinates":[[116.5916,-0.26]]},"geometry_name":"geom","properties":{"id":160,"x":"116° 35' 29.939\"","y":"-0° 15' 35.909\"","ibukota":"Desa","label":"Kotabangun Ulu","p_keg":"Pusat Pelayanan Lingkungan","fid_kode":180,"kode_prov":"64","kode_kab":"64.02","kode_kec":"64.02.08","kdepum":"6402082005","status":"DESA","namobj":"KOTA BANGUN ULU","kecamatan":"KOTA BANGUN","sebutan_la":null,"keldesa_id":"6402082005"},"bbox":[116.5916,-0.26,116.5916,-0.26]},{"type":"Feature","id":"PUSAT_PEMERINTAHAN_PT.176","geometry":{"type":"MultiPoint","coordinates":[[116.5801,-0.2598]]},"geometry_name":"geom","properties":{"id":161,"x":"116° 34' 48.342\"","y":"-0° 15' 35.418\"","ibukota":"Desa","label":"Kotabangun Ilir","p_keg":null,"fid_kode":112,"kode_prov":"64","kode_kab":"64.02","kode_kec":"64.02.08","kdepum":"6402082006","status":"DESA","namobj":"KOTA BANGUN ILIR","kecamatan":"KOTA BANGUN","sebutan_la":null,"keldesa_id":"6402082006"},"bbox":[116.5801,-0.2598,116.5801,-0.2598]},{"type":"Feature","id":"PUSAT_PEMERINTAHAN_PT.177","geometry":{"type":"MultiPoint","coordinates":[[117.2582,-0.2571]]},"geometry_name":"geom","properties":{"id":162,"x":"117° 15' 29.361\"","y":"-0° 15' 25.659\"","ibukota":"Desa","label":"Sukadamai","p_keg":null,"fid_kode":171,"kode_prov":"64","kode_kab":"64.02","kode_kec":"64.02.05","kdepum":"6402052008","status":"DESA","namobj":"SUKA DAMAI","kecamatan":"MUARA BADAK","sebutan_la":null,"keldesa_id":"6402052008"},"bbox":[117.2582,-0.2571,117.2582,-0.2571]},{"type":"Feature","id":"PUSAT_PEMERINTAHAN_PT.178","geometry":{"type":"MultiPoint","coordinates":[[116.3312,-0.2459]]},"geometry_name":"geom","properties":{"id":163,"x":"116° 19' 52.472\"","y":"-0° 14' 45.196\"","ibukota":"Desa","label":"Muara Enggelam","p_keg":null,"fid_kode":7,"kode_prov":"64","kode_kab":"64.02","kode_kec":"64.02.18","kdepum":"6402182007","status":"DESA","namobj":"MUARA ENGGELAM","kecamatan":"MUARA WIS","sebutan_la":null,"keldesa_id":"6402182007"},"bbox":[116.3312,-0.2459,116.3312,-0.2459]},{"type":"Feature","id":"PUSAT_PEMERINTAHAN_PT.179","geometry":{"type":"MultiPoint","coordinates":[[117.1334,-0.2424]]},"geometry_name":"geom","properties":{"id":164,"x":"117° 8' 0.376\"","y":"-0° 14' 32.746\"","ibukota":"Desa","label":"Buana Jaya","p_keg":null,"fid_kode":156,"kode_prov":"64","kode_kab":"64.02","kode_kec":"64.02.16","kdepum":"6402162008","status":"DESA","namobj":"BUANA JAYA","kecamatan":"TENGGARONG SEBERANG","sebutan_la":null,"keldesa_id":"6402162008"},"bbox":[117.1334,-0.2424,117.1334,-0.2424]},{"type":"Feature","id":"PUSAT_PEMERINTAHAN_PT.180","geometry":{"type":"MultiPoint","coordinates":[[116.5696,-0.2405]]},"geometry_name":"geom","properties":{"id":165,"x":"116° 34' 10.718\"","y":"-0° 14' 25.757\"","ibukota":"Desa","label":"Liang Ulu","p_keg":null,"fid_kode":225,"kode_prov":"64","kode_kab":"64.02","kode_kec":"64.02.08","kdepum":"6402082019","status":"DESA","namobj":"LIANG ULU","kecamatan":"KOTA BANGUN","sebutan_la":null,"keldesa_id":"6402082019"},"bbox":[116.5696,-0.2405,116.5696,-0.2405]},{"type":"Feature","id":"PUSAT_PEMERINTAHAN_PT.181","geometry":{"type":"MultiPoint","coordinates":[[116.555,-0.2404]]},"geometry_name":"geom","properties":{"id":166,"x":"116° 33' 17.929\"","y":"-0° 14' 25.516\"","ibukota":"Desa","label":"Sangkuliman","p_keg":null,"fid_kode":113,"kode_prov":"64","kode_kab":"64.02","kode_kec":"64.02.08","kdepum":"6402082021","status":"DESA","namobj":"SANGKULIMAN","kecamatan":"KOTA BANGUN","sebutan_la":null,"keldesa_id":"6402082021"},"bbox":[116.555,-0.2404,116.555,-0.2404]},{"type":"Feature","id":"PUSAT_PEMERINTAHAN_PT.182","geometry":{"type":"MultiPoint","coordinates":[[117.0138,-1.1314]]},"geometry_name":"geom","properties":{"id":1,"x":"117° 0' 49.817\"","y":"-1° 7' 52.965\"","ibukota":"Kelurahan","label":"Salok Api Laut","p_keg":null,"fid_kode":60,"kode_prov":"64","kode_kab":"64.02","kode_kec":"64.02.20","kdepum":"6402201008","status":"KELURAHAN","namobj":"SALOK API LAUT","kecamatan":"SAMBOJA BARAT","sebutan_la":null,"keldesa_id":"6402201008"},"bbox":[117.0138,-1.1314,117.0138,-1.1314]},{"type":"Feature","id":"PUSAT_PEMERINTAHAN_PT.183","geometry":{"type":"MultiPoint","coordinates":[[117.0292,-1.1202]]},"geometry_name":"geom","properties":{"id":2,"x":"117° 1' 45.293\"","y":"-1° 7' 12.726\"","ibukota":"Kelurahan","label":"Ambarawang Laut","p_keg":null,"fid_kode":194,"kode_prov":"64","kode_kab":"64.02","kode_kec":"64.02.20","kdepum":"6402201009","status":"KELURAHAN","namobj":"AMBARAWANG LAUT","kecamatan":"SAMBOJA BARAT","sebutan_la":null,"keldesa_id":"6402201009"},"bbox":[117.0292,-1.1202,117.0292,-1.1202]},{"type":"Feature","id":"PUSAT_PEMERINTAHAN_PT.184","geometry":{"type":"MultiPoint","coordinates":[[116.9777,-1.1173]]},"geometry_name":"geom","properties":{"id":3,"x":"116° 58' 39.736\"","y":"-1° 7' 2.428\"","ibukota":"Kelurahan","label":"Salok Api Darat","p_keg":null,"fid_kode":174,"kode_prov":"64","kode_kab":"64.02","kode_kec":"64.02.20","kdepum":"6402201007","status":"KELURAHAN","namobj":"SALOK API DARAT","kecamatan":"SAMBOJA BARAT","sebutan_la":null,"keldesa_id":"6402201007"},"bbox":[116.9777,-1.1173,116.9777,-1.1173]},{"type":"Feature","id":"PUSAT_PEMERINTAHAN_PT.185","geometry":{"type":"MultiPoint","coordinates":[[116.9553,-1.0889]]},"geometry_name":"geom","properties":{"id":4,"x":"116° 57' 18.900\"","y":"-1° 5' 19.863\"","ibukota":"Desa","label":"Tani Bhakti","p_keg":null,"fid_kode":217,"kode_prov":"64","kode_kab":"64.02","kode_kec":"64.02.20","kdepum":"6402202004","status":"DESA","namobj":"TANI BHAKTI","kecamatan":"SAMBOJA BARAT","sebutan_la":null,"keldesa_id":"6402202004"},"bbox":[116.9553,-1.0889,116.9553,-1.0889]},{"type":"Feature","id":"PUSAT_PEMERINTAHAN_PT.186","geometry":{"type":"MultiPoint","coordinates":[[117.0189,-1.0834]]},"geometry_name":"geom","properties":{"id":5,"x":"117° 1' 7.887\"","y":"-1° 5' 0.193\"","ibukota":"Kelurahan","label":"Argosari","p_keg":null,"fid_kode":5,"kode_prov":"64","kode_kab":"64.02","kode_kec":"64.02.20","kdepum":"6402201006","status":"KELURAHAN","namobj":"ARGOSARI","kecamatan":"SAMBOJA BARAT","sebutan_la":null,"keldesa_id":"6402201006"},"bbox":[117.0189,-1.0834,117.0189,-1.0834]},{"type":"Feature","id":"PUSAT_PEMERINTAHAN_PT.187","geometry":{"type":"MultiPoint","coordinates":[[116.9919,-1.0831]]},"geometry_name":"geom","properties":{"id":6,"x":"116° 59' 30.693\"","y":"-1° 4' 59.071\"","ibukota":"Kelurahan","label":"Amborawang Darat","p_keg":null,"fid_kode":61,"kode_prov":"64","kode_kab":"64.02","kode_kec":"64.02.20","kdepum":"6402201005","status":"KELURAHAN","namobj":"AMBARAWANG DARAT","kecamatan":"SAMBOJA BARAT","sebutan_la":null,"keldesa_id":"6402201005"},"bbox":[116.9919,-1.0831,116.9919,-1.0831]},{"type":"Feature","id":"PUSAT_PEMERINTAHAN_PT.188","geometry":{"type":"MultiPoint","coordinates":[[117.0069,-1.0516]]},"geometry_name":"geom","properties":{"id":7,"x":"117° 0' 24.787\"","y":"-1° 3' 5.650\"","ibukota":"Kelurahan","label":"Margomulyo","p_keg":null,"fid_kode":62,"kode_prov":"64","kode_kab":"64.02","kode_kec":"64.02.20","kdepum":"6402201010","status":"KELURAHAN","namobj":"MARGOMULYO","kecamatan":"SAMBOJA BARAT","sebutan_la":null,"keldesa_id":"6402201010"},"bbox":[117.0069,-1.0516,117.0069,-1.0516]},{"type":"Feature","id":"PUSAT_PEMERINTAHAN_PT.189","geometry":{"type":"MultiPoint","coordinates":[[116.5422,-0.2403]]},"geometry_name":"geom","properties":{"id":167,"x":"116° 32' 32.076\"","y":"-0° 14' 25.132\"","ibukota":"Desa","label":"Pela","p_keg":null,"fid_kode":114,"kode_prov":"64","kode_kab":"64.02","kode_kec":"64.02.08","kdepum":"6402082009","status":"DESA","namobj":"PELA","kecamatan":"KOTA BANGUN","sebutan_la":null,"keldesa_id":"6402082009"},"bbox":[116.5422,-0.2403,116.5422,-0.2403]},{"type":"Feature","id":"PUSAT_PEMERINTAHAN_PT.190","geometry":{"type":"MultiPoint","coordinates":[[116.5855,-0.2309]]},"geometry_name":"geom","properties":{"id":168,"x":"116° 35' 7.763\"","y":"-0° 13' 51.154\"","ibukota":"Desa","label":"Liang Ilir","p_keg":null,"fid_kode":226,"kode_prov":"64","kode_kab":"64.02","kode_kec":"64.02.08","kdepum":"6402082007","status":"DESA","namobj":"LIANG","kecamatan":"KOTA BANGUN","sebutan_la":null,"keldesa_id":"6402082007"},"bbox":[116.5855,-0.2309,116.5855,-0.2309]},{"type":"Feature","id":"PUSAT_PEMERINTAHAN_PT.191","geometry":{"type":"MultiPoint","coordinates":[[117.3701,-0.2182]]},"geometry_name":"geom","properties":{"id":169,"x":"117° 22' 12.194\"","y":"-0° 13' 5.619\"","ibukota":"Desa","label":"Salok Cela","p_keg":null,"fid_kode":170,"kode_prov":"64","kode_kab":"64.02","kode_kec":"64.02.05","kdepum":"6402052012","status":"DESA","namobj":"SALO CELLA","kecamatan":"MUARA BADAK","sebutan_la":null,"keldesa_id":"6402052012"},"bbox":[117.3701,-0.2182,117.3701,-0.2182]},{"type":"Feature","id":"PUSAT_PEMERINTAHAN_PT.192","geometry":{"type":"MultiPoint","coordinates":[[117.0835,-0.2178]]},"geometry_name":"geom","properties":{"id":170,"x":"117° 5' 0.645\"","y":"-0° 13' 4.178\"","ibukota":"Desa","label":"Sukamaju","p_keg":null,"fid_kode":209,"kode_prov":"64","kode_kab":"64.02","kode_kec":"64.02.16","kdepum":"6402162015","status":"DESA","namobj":"SUKAMAJU","kecamatan":"TENGGARONG SEBERANG","sebutan_la":null,"keldesa_id":"6402162015"},"bbox":[117.0835,-0.2178,117.0835,-0.2178]},{"type":"Feature","id":"PUSAT_PEMERINTAHAN_PT.193","geometry":{"type":"MultiPoint","coordinates":[[116.7855,-0.2125]]},"geometry_name":"geom","properties":{"id":171,"x":"116° 47' 7.634\"","y":"-0° 12' 45.162\"","ibukota":"Desa","label":"Rantau Hempang","p_keg":null,"fid_kode":179,"kode_prov":"64","kode_kab":"64.02","kode_kec":"64.02.11","kdepum":"6402112002","status":"DESA","namobj":"RANTAU HEMPANG","kecamatan":"MUARA KAMAN","sebutan_la":null,"keldesa_id":"6402112002"},"bbox":[116.7855,-0.2125,116.7855,-0.2125]},{"type":"Feature","id":"PUSAT_PEMERINTAHAN_PT.194","geometry":{"type":"MultiPoint","coordinates":[[116.5459,-0.2057]]},"geometry_name":"geom","properties":{"id":172,"x":"116° 32' 45.323\"","y":"-0° 12' 20.536\"","ibukota":"Desa","label":"Muhuran","p_keg":null,"fid_kode":115,"kode_prov":"64","kode_kab":"64.02","kode_kec":"64.02.08","kdepum":"6402082008","status":"DESA","namobj":"MUHURAN","kecamatan":"KOTA BANGUN","sebutan_la":null,"keldesa_id":"6402082008"},"bbox":[116.5459,-0.2057,116.5459,-0.2057]},{"type":"Feature","id":"PUSAT_PEMERINTAHAN_PT.195","geometry":{"type":"MultiPoint","coordinates":[[117.0594,-0.2038]]},"geometry_name":"geom","properties":{"id":173,"x":"117° 3' 33.815\"","y":"-0° 12' 13.591\"","ibukota":"Desa","label":"Giri Agung","p_keg":null,"fid_kode":172,"kode_prov":"64","kode_kab":"64.02","kode_kec":"64.02.07","kdepum":"6402072009","status":"DESA","namobj":"GIRI AGUNG","kecamatan":"SEBULU","sebutan_la":null,"keldesa_id":"6402072009"},"bbox":[117.0594,-0.2038,117.0594,-0.2038]},{"type":"Feature","id":"PUSAT_PEMERINTAHAN_PT.196","geometry":{"type":"MultiPoint","coordinates":[[116.9481,-1.0496]]},"geometry_name":"geom","properties":{"id":8,"x":"116° 56' 53.073\"","y":"-1° 2' 58.627\"","ibukota":"Kelurahan","label":"Karya Merdeka","p_keg":null,"fid_kode":216,"kode_prov":"64","kode_kab":"64.02","kode_kec":"64.02.20","kdepum":"6402201003","status":"KELURAHAN","namobj":"KARYA MERDEKA","kecamatan":"SAMBOJA BARAT","sebutan_la":null,"keldesa_id":"6402201003"},"bbox":[116.9481,-1.0496,116.9481,-1.0496]},{"type":"Feature","id":"PUSAT_PEMERINTAHAN_PT.197","geometry":{"type":"MultiPoint","coordinates":[[117.1052,-1.0357]]},"geometry_name":"geom","properties":{"id":9,"x":"117° 6' 18.654\"","y":"-1° 2' 8.517\"","ibukota":"Kelurahan","label":"Tanjung Harapan","p_keg":null,"fid_kode":63,"kode_prov":"64","kode_kab":"64.02","kode_kec":"64.02.13","kdepum":"6402131009","status":"KELURAHAN","namobj":"TANJUNG HARAPAN","kecamatan":"SAMBOJA","sebutan_la":null,"keldesa_id":"6402131009"},"bbox":[117.1052,-1.0357,117.1052,-1.0357]},{"type":"Feature","id":"PUSAT_PEMERINTAHAN_PT.198","geometry":{"type":"MultiPoint","coordinates":[[117.0546,-1.0301]]},"geometry_name":"geom","properties":{"id":10,"x":"117° 3' 16.733\"","y":"-1° 1' 48.343\"","ibukota":"Desa","label":"Karya Jaya","p_keg":null,"fid_kode":193,"kode_prov":"64","kode_kab":"64.02","kode_kec":"64.02.13","kdepum":"6402132014","status":"DESA","namobj":"KARYA JAYA","kecamatan":"SAMBOJA","sebutan_la":null,"keldesa_id":"6402132014"},"bbox":[117.0546,-1.0301,117.0546,-1.0301]},{"type":"Feature","id":"PUSAT_PEMERINTAHAN_PT.199","geometry":{"type":"MultiPoint","coordinates":[[117.5673,-0.5804]]},"geometry_name":"geom","properties":{"id":51,"x":"117° 34' 2.147\"","y":"-0° 34' 49.382\"","ibukota":"Desa","label":"Muara Pantuan","p_keg":null,"fid_kode":1,"kode_prov":"64","kode_kab":"64.02","kode_kec":"64.02.04","kdepum":"6402042002","status":"DESA","namobj":"MUARA PANTUAN","kecamatan":"ANGGANA","sebutan_la":null,"keldesa_id":"6402042002"},"bbox":[117.5673,-0.5804,117.5673,-0.5804]},{"type":"Feature","id":"PUSAT_PEMERINTAHAN_PT.200","geometry":{"type":"MultiPoint","coordinates":[[117.0851,-0.5793]]},"geometry_name":"geom","properties":{"id":52,"x":"117° 5' 6.371\"","y":"-0° 34' 45.611\"","ibukota":"Desa","label":"Loah Janan Ulu","p_keg":"Pusat Pelayanan Lingkungan","fid_kode":124,"kode_prov":"64","kode_kab":"64.02","kode_kec":"64.02.03","kdepum":"6402032003","status":"DESA","namobj":"LOA JANAN ULU","kecamatan":"LOA JANAN","sebutan_la":null,"keldesa_id":"6402032003"},"bbox":[117.0851,-0.5793,117.0851,-0.5793]},{"type":"Feature","id":"PUSAT_PEMERINTAHAN_PT.201","geometry":{"type":"MultiPoint","coordinates":[[117.2685,-0.5749]]},"geometry_name":"geom","properties":{"id":53,"x":"117° 16' 6.724\"","y":"-0° 34' 29.521\"","ibukota":"Desa","label":"Sungai Meriam","p_keg":null,"fid_kode":196,"kode_prov":"64","kode_kab":"64.02","kode_kec":"64.02.04","kdepum":"6402042006","status":"DESA","namobj":"SUNGAI MERIAM","kecamatan":"ANGGANA","sebutan_la":null,"keldesa_id":"6402042006"},"bbox":[117.2685,-0.5749,117.2685,-0.5749]},{"type":"Feature","id":"PUSAT_PEMERINTAHAN_PT.202","geometry":{"type":"MultiPoint","coordinates":[[117.3184,-0.5709]]},"geometry_name":"geom","properties":{"id":54,"x":"117° 19' 6.249\"","y":"-0° 34' 15.184\"","ibukota":"Desa","label":"Kutai Lama","p_keg":null,"fid_kode":198,"kode_prov":"64","kode_kab":"64.02","kode_kec":"64.02.04","kdepum":"6402042004","status":"DESA","namobj":"KUTAI LAMA","kecamatan":"ANGGANA","sebutan_la":null,"keldesa_id":"6402042004"},"bbox":[117.3184,-0.5709,117.3184,-0.5709]},{"type":"Feature","id":"PUSAT_PEMERINTAHAN_PT.203","geometry":{"type":"MultiPoint","coordinates":[[116.9882,-0.4062]]},"geometry_name":"geom","properties":{"id":94,"x":"116° 59' 17.621\"","y":"-0° 24' 22.172\"","ibukota":"Kelurahan","label":"Sukarame","p_keg":null,"fid_kode":161,"kode_prov":"64","kode_kab":"64.02","kode_kec":"64.02.06","kdepum":"6402061007","status":"KELURAHAN","namobj":"SUKARAME","kecamatan":"TENGGARONG","sebutan_la":null,"keldesa_id":"6402061007"},"bbox":[116.9882,-0.4062,116.9882,-0.4062]},{"type":"Feature","id":"PUSAT_PEMERINTAHAN_PT.204","geometry":{"type":"MultiPoint","coordinates":[[117.0988,-0.4036]]},"geometry_name":"geom","properties":{"id":95,"x":"117° 5' 55.606\"","y":"-0° 24' 12.982\"","ibukota":"Desa","label":"Karangtunggal","p_keg":null,"fid_kode":43,"kode_prov":"64","kode_kab":"64.02","kode_kec":"64.02.16","kdepum":"6402162017","status":"DESA","namobj":"KARANG TUNGGAL","kecamatan":"TENGGARONG SEBERANG","sebutan_la":null,"keldesa_id":"6402162017"},"bbox":[117.0988,-0.4036,117.0988,-0.4036]},{"type":"Feature","id":"PUSAT_PEMERINTAHAN_PT.205","geometry":{"type":"MultiPoint","coordinates":[[116.5809,-0.4035]]},"geometry_name":"geom","properties":{"id":96,"x":"116° 34' 51.100\"","y":"-0° 24' 12.488\"","ibukota":"Desa","label":"Wonosari","p_keg":null,"fid_kode":110,"kode_prov":"64","kode_kab":"64.02","kode_kec":"64.02.08","kdepum":"6402192010","status":"DESA","namobj":"WONOSARI","kecamatan":"KOTA BANGUN DARAT","sebutan_la":null,"keldesa_id":"6402192010"},"bbox":[116.5809,-0.4035,116.5809,-0.4035]},{"type":"Feature","id":"PUSAT_PEMERINTAHAN_PT.206","geometry":{"type":"MultiPoint","coordinates":[[116.5379,-0.4022]]},"geometry_name":"geom","properties":{"id":97,"x":"116° 32' 16.418\"","y":"-0° 24' 8.024\"","ibukota":"Desa","label":"Kotabangun III","p_keg":null,"fid_kode":104,"kode_prov":"64","kode_kab":"64.02","kode_kec":"64.02.19","kdepum":"6402192006","status":"DESA","namobj":"KOTA BANGUN III","kecamatan":"KOTA BANGUN DARAT","sebutan_la":null,"keldesa_id":"6402192006"},"bbox":[116.5379,-0.4022,116.5379,-0.4022]},{"type":"Feature","id":"PUSAT_PEMERINTAHAN_PT.207","geometry":{"type":"MultiPoint","coordinates":[[117.4228,-0.402]]},"geometry_name":"geom","properties":{"id":98,"x":"117° 25' 21.948\"","y":"-0° 24' 7.267\"","ibukota":"Desa","label":"Saliki","p_keg":null,"fid_kode":95,"kode_prov":"64","kode_kab":"64.02","kode_kec":"64.02.05","kdepum":"6402052001","status":"DESA","namobj":"SALIKI","kecamatan":"MUARA BADAK","sebutan_la":"SELIKI","keldesa_id":"6402052001"},"bbox":[117.4228,-0.402,117.4228,-0.402]},{"type":"Feature","id":"PUSAT_PEMERINTAHAN_PT.208","geometry":{"type":"MultiPoint","coordinates":[[116.9853,-0.3962]]},"geometry_name":"geom","properties":{"id":99,"x":"116° 59' 7.103\"","y":"-0° 23' 46.332\"","ibukota":"Kelurahan","label":"Baru","p_keg":null,"fid_kode":131,"kode_prov":"64","kode_kab":"64.02","kode_kec":"64.02.06","kdepum":"6402061008","status":"KELURAHAN","namobj":"KAMPUNG BARU","kecamatan":"TENGGARONG","sebutan_la":null,"keldesa_id":"6402061008"},"bbox":[116.9853,-0.3962,116.9853,-0.3962]},{"type":"Feature","id":"PUSAT_PEMERINTAHAN_PT.209","geometry":{"type":"MultiPoint","coordinates":[[116.7299,-0.3937]]},"geometry_name":"geom","properties":{"id":100,"x":"116° 43' 47.648\"","y":"-0° 23' 37.216\"","ibukota":"Desa","label":"Sarinadi","p_keg":null,"fid_kode":182,"kode_prov":"64","kode_kab":"64.02","kode_kec":"64.02.08","kdepum":"6402192008","status":"DESA","namobj":"SARINADI","kecamatan":"KOTA BANGUN DARAT","sebutan_la":null,"keldesa_id":"6402192008"},"bbox":[116.7299,-0.3937,116.7299,-0.3937]},{"type":"Feature","id":"PUSAT_PEMERINTAHAN_PT.210","geometry":{"type":"MultiPoint","coordinates":[[117.4127,-0.3195]]},"geometry_name":"geom","properties":{"id":136,"x":"117° 24' 45.719\"","y":"-0° 19' 10.272\"","ibukota":"Desa","label":"Badak Baru","p_keg":null,"fid_kode":100,"kode_prov":"64","kode_kab":"64.02","kode_kec":"64.02.05","kdepum":"6402052007","status":"DESA","namobj":"BADAK BARU","kecamatan":"MUARA BADAK","sebutan_la":null,"keldesa_id":"6402052007"},"bbox":[117.4127,-0.3195,117.4127,-0.3195]},{"type":"Feature","id":"PUSAT_PEMERINTAHAN_PT.211","geometry":{"type":"MultiPoint","coordinates":[[116.9253,-0.318]]},"geometry_name":"geom","properties":{"id":137,"x":"116° 55' 31.141\"","y":"-0° 19' 4.736\"","ibukota":"Desa","label":"Beloro","p_keg":null,"fid_kode":202,"kode_prov":"64","kode_kab":"64.02","kode_kec":"64.02.07","kdepum":"6402072003","status":"DESA","namobj":"BELORO","kecamatan":"SEBULU","sebutan_la":null,"keldesa_id":"6402072003"},"bbox":[116.9253,-0.318,116.9253,-0.318]},{"type":"Feature","id":"PUSAT_PEMERINTAHAN_PT.212","geometry":{"type":"MultiPoint","coordinates":[[116.4801,-0.3178]]},"geometry_name":"geom","properties":{"id":138,"x":"116° 28' 48.418\"","y":"-0° 19' 3.993\"","ibukota":"Desa","label":"Muara Wis","p_keg":"Pusat Pelayanan Lingkungan","fid_kode":151,"kode_prov":"64","kode_kab":"64.02","kode_kec":"64.02.18","kdepum":"6402182001","status":"DESA","namobj":"MUARA WIS","kecamatan":"MUARA WIS","sebutan_la":null,"keldesa_id":"6402182001"},"bbox":[116.4801,-0.3178,116.4801,-0.3178]},{"type":"Feature","id":"PUSAT_PEMERINTAHAN_PT.213","geometry":{"type":"MultiPoint","coordinates":[[116.5061,-0.1742]]},"geometry_name":"geom","properties":{"id":180,"x":"116° 30' 22.096\"","y":"-0° 10' 26.962\"","ibukota":"Desa","label":"Sebelimbingan","p_keg":null,"fid_kode":186,"kode_prov":"64","kode_kab":"64.02","kode_kec":"64.02.08","kdepum":"6402082020","status":"DESA","namobj":"SEBELIMBINGAN","kecamatan":"KOTA BANGUN","sebutan_la":null,"keldesa_id":"6402082020"},"bbox":[116.5061,-0.1742,116.5061,-0.1742]},{"type":"Feature","id":"PUSAT_PEMERINTAHAN_PT.214","geometry":{"type":"MultiPoint","coordinates":[[116.9807,-0.1707]]},"geometry_name":"geom","properties":{"id":181,"x":"116° 58' 50.353\"","y":"-0° 10' 14.401\"","ibukota":"Desa","label":"Sumber Sari","p_keg":"Pusat Pelayanan Lingkungan","fid_kode":173,"kode_prov":"64","kode_kab":"64.02","kode_kec":"64.02.07","kdepum":"6402072007","status":"DESA","namobj":"SUMBER SARI","kecamatan":"SEBULU","sebutan_la":null,"keldesa_id":"6402072007"},"bbox":[116.9807,-0.1707,116.9807,-0.1707]},{"type":"Feature","id":"PUSAT_PEMERINTAHAN_PT.215","geometry":{"type":"MultiPoint","coordinates":[[116.908,-0.1672]]},"geometry_name":"geom","properties":{"id":182,"x":"116° 54' 28.636\"","y":"-0° 10' 1.935\"","ibukota":"Desa","label":"Panca Jaya","p_keg":"Pusat Pelayanan Lingkungan","fid_kode":19,"kode_prov":"64","kode_kab":"64.02","kode_kec":"64.02.11","kdepum":"6402112013","status":"DESA","namobj":"PANCA JAYA","kecamatan":"MUARA KAMAN","sebutan_la":null,"keldesa_id":"6402112013"},"bbox":[116.908,-0.1672,116.908,-0.1672]},{"type":"Feature","id":"PUSAT_PEMERINTAHAN_PT.216","geometry":{"type":"MultiPoint","coordinates":[[116.7219,-0.1601]]},"geometry_name":"geom","properties":{"id":183,"x":"116° 43' 18.885\"","y":"-0° 9' 36.241\"","ibukota":"Desa","label":"Muarakaman Ilir","p_keg":null,"fid_kode":141,"kode_prov":"64","kode_kab":"64.02","kode_kec":"64.02.11","kdepum":"6402112001","status":"DESA","namobj":"MUARA KAMAN ILIR","kecamatan":"MUARA KAMAN","sebutan_la":null,"keldesa_id":"6402112001"},"bbox":[116.7219,-0.1601,116.7219,-0.1601]},{"type":"Feature","id":"PUSAT_PEMERINTAHAN_PT.217","geometry":{"type":"MultiPoint","coordinates":[[117.2801,-0.201]]},"geometry_name":"geom","properties":{"id":174,"x":"117° 16' 48.494\"","y":"-0° 12' 3.423\"","ibukota":"Desa","label":"Perangat Baru","p_keg":null,"fid_kode":221,"kode_prov":"64","kode_kab":"64.02","kode_kec":"64.02.17","kdepum":"6402172009","status":"DESA","namobj":"PERANGAT BARU","kecamatan":"MARANGKAYU","sebutan_la":null,"keldesa_id":"6402172009"},"bbox":[117.2801,-0.201,117.2801,-0.201]},{"type":"Feature","id":"PUSAT_PEMERINTAHAN_PT.218","geometry":{"type":"MultiPoint","coordinates":[[117.1458,-0.1911]]},"geometry_name":"geom","properties":{"id":175,"x":"117° 8' 44.822\"","y":"-0° 11' 27.824\"","ibukota":"Desa","label":"Mulawarman","p_keg":null,"fid_kode":188,"kode_prov":"64","kode_kab":"64.02","kode_kec":"64.02.16","kdepum":"6402162009","status":"DESA","namobj":"MULAWARMAN","kecamatan":"TENGGARONG SEBERANG","sebutan_la":null,"keldesa_id":"6402162009"},"bbox":[117.1458,-0.1911,117.1458,-0.1911]},{"type":"Feature","id":"PUSAT_PEMERINTAHAN_PT.219","geometry":{"type":"MultiPoint","coordinates":[[116.88,-0.1908]]},"geometry_name":"geom","properties":{"id":176,"x":"116° 52' 48.038\"","y":"-0° 11' 26.851\"","ibukota":"Desa","label":"Bungajadi","p_keg":"Pusat Pelayanan Lingkungan","fid_kode":184,"kode_prov":"64","kode_kab":"64.02","kode_kec":"64.02.11","kdepum":"6402112014","status":"DESA","namobj":"BUNGA JADI","kecamatan":"MUARA KAMAN","sebutan_la":null,"keldesa_id":"6402112014"},"bbox":[116.88,-0.1908,116.88,-0.1908]},{"type":"Feature","id":"PUSAT_PEMERINTAHAN_PT.220","geometry":{"type":"MultiPoint","coordinates":[[117.3793,-0.1905]]},"geometry_name":"geom","properties":{"id":177,"x":"117° 22' 45.540\"","y":"-0° 11' 25.732\"","ibukota":"Desa","label":"Sambera Baru","p_keg":null,"fid_kode":219,"kode_prov":"64","kode_kab":"64.02","kode_kec":"64.02.17","kdepum":"6402172011","status":"DESA","namobj":"SAMBERA BARU","kecamatan":"MARANGKAYU","sebutan_la":null,"keldesa_id":"6402172011"},"bbox":[117.3793,-0.1905,117.3793,-0.1905]},{"type":"Feature","id":"PUSAT_PEMERINTAHAN_PT.221","geometry":{"type":"MultiPoint","coordinates":[[116.6591,-0.1848]]},"geometry_name":"geom","properties":{"id":178,"x":"116° 39' 32.729\"","y":"-0° 11' 5.301\"","ibukota":"Desa","label":"Bukit Jering","p_keg":null,"fid_kode":140,"kode_prov":"64","kode_kab":"64.02","kode_kec":"64.02.11","kdepum":"6402112017","status":"DESA","namobj":"BUKIT JERING","kecamatan":"MUARA KAMAN","sebutan_la":null,"keldesa_id":"6402112017"},"bbox":[116.6591,-0.1848,116.6591,-0.1848]},{"type":"Feature","id":"PUSAT_PEMERINTAHAN_PT.222","geometry":{"type":"MultiPoint","coordinates":[[116.452,-0.1793]]},"geometry_name":"geom","properties":{"id":179,"x":"116° 27' 7.035\"","y":"-0° 10' 45.618\"","ibukota":"Desa","label":"Semayang","p_keg":null,"fid_kode":58,"kode_prov":"64","kode_kab":"64.02","kode_kec":"64.02.09","kdepum":"6402092006","status":"DESA","namobj":"SEMAYANG","kecamatan":"KENOHAN","sebutan_la":null,"keldesa_id":"6402092006"},"bbox":[116.452,-0.1793,116.452,-0.1793]},{"type":"Feature","id":"PUSAT_PEMERINTAHAN_PT.223","geometry":{"type":"MultiPoint","coordinates":[[116.9543,-0.1558]]},"geometry_name":"geom","properties":{"id":185,"x":"116° 57' 15.608\"","y":"-0° 9' 21.051\"","ibukota":"Desa","label":"Manunggal Daya","p_keg":"Pusat Pelayanan Lingkungan","fid_kode":120,"kode_prov":"64","kode_kab":"64.02","kode_kec":"64.02.07","kdepum":"6402072008","status":"DESA","namobj":"MANUNGGAL DAYA","kecamatan":"SEBULU","sebutan_la":null,"keldesa_id":"6402072008"},"bbox":[116.9543,-0.1558,116.9543,-0.1558]},{"type":"Feature","id":"PUSAT_PEMERINTAHAN_PT.224","geometry":{"type":"MultiPoint","coordinates":[[116.9312,-0.1539]]},"geometry_name":"geom","properties":{"id":186,"x":"116° 55' 52.424\"","y":"-0° 9' 14.114\"","ibukota":"Desa","label":"Cipari Makmur","p_keg":null,"fid_kode":143,"kode_prov":"64","kode_kab":"64.02","kode_kec":"64.02.11","kdepum":"6402112020","status":"DESA","namobj":"CIPARI MAKMUR","kecamatan":"MUARA KAMAN","sebutan_la":null,"keldesa_id":"6402112020"},"bbox":[116.9312,-0.1539,116.9312,-0.1539]},{"type":"Feature","id":"PUSAT_PEMERINTAHAN_PT.225","geometry":{"type":"MultiPoint","coordinates":[[116.9784,-0.15]]},"geometry_name":"geom","properties":{"id":187,"x":"116° 58' 42.311\"","y":"-0° 8' 59.959\"","ibukota":"Desa","label":"Mekar Jaya","p_keg":null,"fid_kode":119,"kode_prov":"64","kode_kab":"64.02","kode_kec":"64.02.07","kdepum":"6402072014","status":"DESA","namobj":"MEKAR JAYA","kecamatan":"SEBULU","sebutan_la":null,"keldesa_id":"6402072014"},"bbox":[116.9784,-0.15,116.9784,-0.15]},{"type":"Feature","id":"PUSAT_PEMERINTAHAN_PT.226","geometry":{"type":"MultiPoint","coordinates":[[116.9226,-0.15]]},"geometry_name":"geom","properties":{"id":188,"x":"116° 55' 21.198\"","y":"-0° 8' 59.900\"","ibukota":"Desa","label":"Sidomukti","p_keg":"Pusat Pelayanan Lingkungan","fid_kode":142,"kode_prov":"64","kode_kab":"64.02","kode_kec":"64.02.11","kdepum":"6402112012","status":"DESA","namobj":"SIDOMUKTI","kecamatan":"MUARA KAMAN","sebutan_la":null,"keldesa_id":"6402112012"},"bbox":[116.9226,-0.15,116.9226,-0.15]},{"type":"Feature","id":"PUSAT_PEMERINTAHAN_PT.227","geometry":{"type":"MultiPoint","coordinates":[[117.4089,-0.1487]]},"geometry_name":"geom","properties":{"id":189,"x":"117° 24' 32.041\"","y":"-0° 8' 55.211\"","ibukota":"Desa","label":"Bunga Putih","p_keg":null,"fid_kode":236,"kode_prov":"64","kode_kab":"64.02","kode_kec":"64.02.17","kdepum":"6402172006","status":"DESA","namobj":"BUNGA PUTIH\r","kecamatan":"MARANGKAYU","sebutan_la":null,"keldesa_id":"6402172006"},"bbox":[117.4089,-0.1487,117.4089,-0.1487]},{"type":"Feature","id":"PUSAT_PEMERINTAHAN_PT.228","geometry":{"type":"MultiPoint","coordinates":[[116.73,-0.1472]]},"geometry_name":"geom","properties":{"id":190,"x":"116° 43' 48.132\"","y":"-0° 8' 49.768\"","ibukota":"Desa","label":"Muarakaman Ulu","p_keg":null,"fid_kode":144,"kode_prov":"64","kode_kab":"64.02","kode_kec":"64.02.11","kdepum":"6402112005","status":"DESA","namobj":"MUARA KAMAN ULU","kecamatan":"MUARA KAMAN","sebutan_la":null,"keldesa_id":"6402112005"},"bbox":[116.73,-0.1472,116.73,-0.1472]},{"type":"Feature","id":"PUSAT_PEMERINTAHAN_PT.229","geometry":{"type":"MultiPoint","coordinates":[[117.3323,-0.146]]},"geometry_name":"geom","properties":{"id":191,"x":"117° 19' 56.173\"","y":"-0° 8' 45.773\"","ibukota":"Desa","label":"Perangat Selatan","p_keg":null,"fid_kode":222,"kode_prov":"64","kode_kab":"64.02","kode_kec":"64.02.17","kdepum":"6402172008","status":"DESA","namobj":"PERANGAT SELATAN","kecamatan":"MARANGKAYU","sebutan_la":null,"keldesa_id":"6402172008"},"bbox":[117.3323,-0.146,117.3323,-0.146]},{"type":"Feature","id":"PUSAT_PEMERINTAHAN_PT.230","geometry":{"type":"MultiPoint","coordinates":[[116.4132,-0.1369]]},"geometry_name":"geom","properties":{"id":192,"x":"116° 24' 47.384\"","y":"-0° 8' 12.673\"","ibukota":"Desa","label":"Tubuhan","p_keg":null,"fid_kode":4,"kode_prov":"64","kode_kab":"64.02","kode_kec":"64.02.09","kdepum":"6402092005","status":"DESA","namobj":"TUBUHAN","kecamatan":"KENOHAN","sebutan_la":null,"keldesa_id":"6402092005"},"bbox":[116.4132,-0.1369,116.4132,-0.1369]},{"type":"Feature","id":"PUSAT_PEMERINTAHAN_PT.231","geometry":{"type":"MultiPoint","coordinates":[[116.638,-0.13]]},"geometry_name":"geom","properties":{"id":193,"x":"116° 38' 16.796\"","y":"-0° 7' 48.127\"","ibukota":"Desa","label":"Muara Siran","p_keg":null,"fid_kode":145,"kode_prov":"64","kode_kab":"64.02","kode_kec":"64.02.11","kdepum":"6402112007","status":"DESA","namobj":"MUARA SIRAN","kecamatan":"MUARA KAMAN","sebutan_la":null,"keldesa_id":"6402112007"},"bbox":[116.638,-0.13,116.638,-0.13]},{"type":"Feature","id":"PUSAT_PEMERINTAHAN_PT.232","geometry":{"type":"MultiPoint","coordinates":[[116.8926,0.2213]]},"geometry_name":"geom","properties":{"id":223,"x":"116° 53' 33.260\"","y":"0° 13' 16.851\"","ibukota":"Desa","label":"Menamang Kiri","p_keg":null,"fid_kode":157,"kode_prov":"64","kode_kab":"64.02","kode_kec":"64.02.11","kdepum":"6402112010","status":"DESA","namobj":"MENAMANG KIRI","kecamatan":"MUARA KAMAN","sebutan_la":null,"keldesa_id":"6402112010"},"bbox":[116.8926,0.2213,116.8926,0.2213]},{"type":"Feature","id":"PUSAT_PEMERINTAHAN_PT.233","geometry":{"type":"MultiPoint","coordinates":[[116.0583,0.3853]]},"geometry_name":"geom","properties":{"id":233,"x":"116° 3' 29.702\"","y":"0° 23' 7.075\"","ibukota":"Desa","label":"Tukung Ritan","p_keg":null,"fid_kode":26,"kode_prov":"64","kode_kab":"64.02","kode_kec":"64.02.12","kdepum":"6402122019","status":"DESA","namobj":"TUKUNG RITAN","kecamatan":"TABANG","sebutan_la":null,"keldesa_id":"6402122019"},"bbox":[116.0583,0.3853,116.0583,0.3853]},{"type":"Feature","id":"PUSAT_PEMERINTAHAN_PT.234","geometry":{"type":"MultiPoint","coordinates":[[116.0507,0.3952]]},"geometry_name":"geom","properties":{"id":234,"x":"116° 3' 2.568\"","y":"0° 23' 42.688\"","ibukota":"Desa","label":"Ritan Baru","p_keg":null,"fid_kode":37,"kode_prov":"64","kode_kab":"64.02","kode_kec":"64.02.12","kdepum":"6402122018","status":"DESA","namobj":"RITAN BARU","kecamatan":"TABANG","sebutan_la":null,"keldesa_id":"6402122018"},"bbox":[116.0507,0.3952,116.0507,0.3952]},{"type":"Feature","id":"PUSAT_PEMERINTAHAN_PT.235","geometry":{"type":"MultiPoint","coordinates":[[116.0477,0.396]]},"geometry_name":"geom","properties":{"id":235,"x":"116° 2' 51.627\"","y":"0° 23' 45.464\"","ibukota":"Desa","label":"Muara Ritan","p_keg":null,"fid_kode":27,"kode_prov":"64","kode_kab":"64.02","kode_kec":"64.02.12","kdepum":"6402122003","status":"DESA","namobj":"MUARA RITAN","kecamatan":"TABANG","sebutan_la":null,"keldesa_id":"6402122003"},"bbox":[116.0477,0.396,116.0477,0.396]},{"type":"Feature","id":"PUSAT_PEMERINTAHAN_PT.236","geometry":{"type":"MultiPoint","coordinates":[[116.0771,0.4215]]},"geometry_name":"geom","properties":{"id":236,"x":"116° 4' 37.446\"","y":"0° 25' 17.247\"","ibukota":"Desa","label":"Buluk Sen","p_keg":null,"fid_kode":38,"kode_prov":"64","kode_kab":"64.02","kode_kec":"64.02.12","kdepum":"6402122004","status":"DESA","namobj":"BULUK SEN","kecamatan":"TABANG","sebutan_la":null,"keldesa_id":"6402122004"},"bbox":[116.0771,0.4215,116.0771,0.4215]},{"type":"Feature","id":"PUSAT_PEMERINTAHAN_PT.237","geometry":{"type":"MultiPoint","coordinates":[[116.019,0.5661]]},"geometry_name":"geom","properties":{"id":237,"x":"116° 1' 8.501\"","y":"0° 33' 58.066\"","ibukota":"Desa","label":"Bila Talang","p_keg":null,"fid_kode":235,"kode_prov":"64","kode_kab":"64.02","kode_kec":"64.02.12","kdepum":"6402122007","status":"DESA","namobj":"BILA TALANG","kecamatan":"TABANG","sebutan_la":null,"keldesa_id":"6402122007"},"bbox":[116.019,0.5661,116.019,0.5661]},{"type":"Feature","id":"PUSAT_PEMERINTAHAN_PT.238","geometry":{"type":"MultiPoint","coordinates":[[116.0113,0.5704]]},"geometry_name":"geom","properties":{"id":238,"x":"116° 0' 40.585\"","y":"0° 34' 13.465\"","ibukota":"Desa","label":"Umaq Bekuay","p_keg":null,"fid_kode":41,"kode_prov":"64","kode_kab":"64.02","kode_kec":"64.02.12","kdepum":"6402122011","status":"DESA","namobj":"UMAQ BEKUAY","kecamatan":"TABANG","sebutan_la":null,"keldesa_id":"6402122011"},"bbox":[116.0113,0.5704,116.0113,0.5704]},{"type":"Feature","id":"PUSAT_PEMERINTAHAN_PT.239","geometry":{"type":"MultiPoint","coordinates":[[116.0165,0.5705]]},"geometry_name":"geom","properties":{"id":239,"x":"116° 0' 59.397\"","y":"0° 34' 13.945\"","ibukota":"Kecamatan","label":"TABANG","p_keg":"Pusat Pelayanan Kawasan","fid_kode":40,"kode_prov":"64","kode_kab":"64.02","kode_kec":"64.02.12","kdepum":null,"status":"DESA","namobj":"SIDOMULYO","kecamatan":"TABANG","sebutan_la":null,"keldesa_id":null},"bbox":[116.0165,0.5705,116.0165,0.5705]},{"type":"Feature","id":"PUSAT_PEMERINTAHAN_PT.240","geometry":{"type":"MultiPoint","coordinates":[[116.0198,0.5725]]},"geometry_name":"geom","properties":{"id":240,"x":"116° 1' 11.292\"","y":"0° 34' 20.840\"","ibukota":"Desa","label":"Sidomulyo","p_keg":"Pusat Pelayanan Lingkungan","fid_kode":40,"kode_prov":"64","kode_kab":"64.02","kode_kec":"64.02.12","kdepum":"6402122010","status":"DESA","namobj":"SIDOMULYO","kecamatan":"TABANG","sebutan_la":null,"keldesa_id":"6402122010"},"bbox":[116.0198,0.5725,116.0198,0.5725]},{"type":"Feature","id":"PUSAT_PEMERINTAHAN_PT.241","geometry":{"type":"MultiPoint","coordinates":[[116.0323,0.581]]},"geometry_name":"geom","properties":{"id":241,"x":"116° 1' 56.131\"","y":"0° 34' 51.445\"","ibukota":"Desa","label":"Muara Pedohon","p_keg":null,"fid_kode":199,"kode_prov":"64","kode_kab":"64.02","kode_kec":"64.02.12","kdepum":"6402122006","status":"DESA","namobj":"MUARA PEDOHON","kecamatan":"TABANG","sebutan_la":null,"keldesa_id":"6402122006"},"bbox":[116.0323,0.581,116.0323,0.581]},{"type":"Feature","id":"PUSAT_PEMERINTAHAN_PT.242","geometry":{"type":"MultiPoint","coordinates":[[116.0344,0.5822]]},"geometry_name":"geom","properties":{"id":242,"x":"116° 2' 3.914\"","y":"0° 34' 55.834\"","ibukota":"Desa","label":"Umaq Dian","p_keg":null,"fid_kode":39,"kode_prov":"64","kode_kab":"64.02","kode_kec":"64.02.12","kdepum":"6402122005","status":"DESA","namobj":"UMAQ DIAN","kecamatan":"TABANG","sebutan_la":null,"keldesa_id":"6402122005"},"bbox":[116.0344,0.5822,116.0344,0.5822]},{"type":"Feature","id":"PUSAT_PEMERINTAHAN_PT.243","geometry":{"type":"MultiPoint","coordinates":[[116.0275,0.5839]]},"geometry_name":"geom","properties":{"id":243,"x":"116° 1' 39.079\"","y":"0° 35' 2.213\"","ibukota":"Desa","label":"Kampung Baru","p_keg":null,"fid_kode":200,"kode_prov":"64","kode_kab":"64.02","kode_kec":"64.02.12","kdepum":"6402122008","status":"DESA","namobj":"KAMPUNG BARU","kecamatan":"TABANG","sebutan_la":null,"keldesa_id":"6402122008"},"bbox":[116.0275,0.5839,116.0275,0.5839]},{"type":"Feature","id":"PUSAT_PEMERINTAHAN_PT.244","geometry":{"type":"MultiPoint","coordinates":[[115.98,0.5843]]},"geometry_name":"geom","properties":{"id":244,"x":"115° 58' 48.117\"","y":"0° 35' 3.340\"","ibukota":"Desa","label":"Muara Tiq","p_keg":null,"fid_kode":40,"kode_prov":"64","kode_kab":"64.02","kode_kec":"64.02.12","kdepum":"6402122010","status":"DESA","namobj":"MUARA TIQ","kecamatan":"TABANG","sebutan_la":null,"keldesa_id":"6402122010"},"bbox":[115.98,0.5843,115.98,0.5843]},{"type":"Feature","id":"PUSAT_PEMERINTAHAN_PT.245","geometry":{"type":"MultiPoint","coordinates":[[115.9765,0.5844]]},"geometry_name":"geom","properties":{"id":245,"x":"115° 58' 35.423\"","y":"0° 35' 3.901\"","ibukota":"Desa","label":"Muara Kebaq","p_keg":null,"fid_kode":40,"kode_prov":"64","kode_kab":"64.02","kode_kec":"64.02.12","kdepum":"6402122010","status":"DESA","namobj":"MUARA KEBAQ","kecamatan":"TABANG","sebutan_la":null,"keldesa_id":"6402122010"},"bbox":[115.9765,0.5844,115.9765,0.5844]},{"type":"Feature","id":"PUSAT_PEMERINTAHAN_PT.246","geometry":{"type":"MultiPoint","coordinates":[[115.9788,0.5851]]},"geometry_name":"geom","properties":{"id":246,"x":"115° 58' 43.770\"","y":"0° 35' 6.299\"","ibukota":"Desa","label":"Muara Salung","p_keg":null,"fid_kode":40,"kode_prov":"64","kode_kab":"64.02","kode_kec":"64.02.12","kdepum":"6402122010","status":"DESA","namobj":"MUARA SALUNG","kecamatan":"TABANG","sebutan_la":null,"keldesa_id":"6402122010"},"bbox":[115.9788,0.5851,115.9788,0.5851]},{"type":"Feature","id":"PUSAT_PEMERINTAHAN_PT.247","geometry":{"type":"MultiPoint","coordinates":[[115.9847,0.5864]]},"geometry_name":"geom","properties":{"id":247,"x":"115° 59' 4.826\"","y":"0° 35' 11.207\"","ibukota":"Desa","label":"Muara Belinau","p_keg":null,"fid_kode":40,"kode_prov":"64","kode_kab":"64.02","kode_kec":"64.02.12","kdepum":"6402122010","status":"DESA","namobj":"MUARA BELINAU","kecamatan":"TABANG","sebutan_la":null,"keldesa_id":"6402122010"},"bbox":[115.9847,0.5864,115.9847,0.5864]},{"type":"Feature","id":"PUSAT_PEMERINTAHAN_PT.248","geometry":{"type":"MultiPoint","coordinates":[[115.9744,0.5868]]},"geometry_name":"geom","properties":{"id":248,"x":"115° 58' 27.789\"","y":"0° 35' 12.623\"","ibukota":"Desa","label":"Muara Tuboq","p_keg":null,"fid_kode":40,"kode_prov":"64","kode_kab":"64.02","kode_kec":"64.02.12","kdepum":"6402122010","status":"DESA","namobj":"MUARA TUBOQ","kecamatan":"TABANG","sebutan_la":null,"keldesa_id":"6402122010"},"bbox":[115.9744,0.5868,115.9744,0.5868]},{"type":"Feature","id":"PUSAT_PEMERINTAHAN_PT.249","geometry":{"type":"MultiPoint","coordinates":[[116.0265,0.5878]]},"geometry_name":"geom","properties":{"id":249,"x":"116° 1' 35.477\"","y":"0° 35' 16.178\"","ibukota":"Desa","label":"Tabang Lama","p_keg":null,"fid_kode":200,"kode_prov":"64","kode_kab":"64.02","kode_kec":"64.02.12","kdepum":"6402122008","status":"DESA","namobj":"KAMPUNG BARU","kecamatan":"TABANG","sebutan_la":null,"keldesa_id":"6402122008"},"bbox":[116.0265,0.5878,116.0265,0.5878]},{"type":"Feature","id":"PUSAT_PEMERINTAHAN_PT.250","geometry":{"type":"MultiPoint","coordinates":[[116.0302,0.5884]]},"geometry_name":"geom","properties":{"id":250,"x":"116° 1' 48.758\"","y":"0° 35' 18.365\"","ibukota":"Desa","label":"Umag Tukung","p_keg":null,"fid_kode":153,"kode_prov":"64","kode_kab":"64.02","kode_kec":"64.02.12","kdepum":"6402122009","status":"DESA","namobj":"UMAQ TUKUNG","kecamatan":"TABANG","sebutan_la":null,"keldesa_id":"6402122009"},"bbox":[116.0302,0.5884,116.0302,0.5884]}],"totalFeatures":250,"numberMatched":250,"numberReturned":250,"timeStamp":"2026-08-14T13:52:11.811Z","crs":{"type":"name","properties":{"name":"urn:ogc:def:crs:EPSG::4326"}},"bbox":[115.9744,-1.1314,117.5906,0.5884]}